"start","end","person","text"
189.8,194.0,"FORREST","Hello. My name's Forrest Gump."
199.7,201.2,"FORREST","You want a chooolate?"
204.2,217.4,"FORREST","I could eat about a million and a half of these. My momma always said, ""Life was like a box of chocolates. You never know what you're gonna ge."
225.2,237.8,"FORREST","Those must be comfortable shoes. I'll bet you could walk all day in shoes like that and not feel a thing. I wish I had shoes like that."
238.6,240.0,"BLACK WOMAN","My feet hurt."
241.1,250.0,"FORREST","Momma always says there's an awful lot you could tell about a person by their shoes. Where they're going. Where they've been."
256.899,266.6,"FORREST","I've worn lots of shoes. I bet if I think about it real hard I could remember my first pair of shoss."
269.2,272.0,"FORREST","Momma said they'd take my anywhere."
272.6,275.5,"FORREST (V.O.)","She said they was my magic shoes."
275.2,286.8,"DOCTOR","All right, Forrest, You can open your eyes now. Let's take a little walk around."
294.0,306.7,"DOCTOR","How do those feel? His legs are strong, Mrs. Gump. As strong as I've ever seen. But his back is as crooked as a politician."
307.7,310.4,"DOCTOR","But we're gonna straighten him right up now, Won't we, Forrest?"
311.0,311.8,"MRS. GUMP","Forrest!"
313.3,319.3,"FORREST (V.O.)","Now, When I was a baby, Momma named me after the great Civil War hero, General Nathan Bedford Forrest..."
319.7,342.7,"FORREST (V.O.)","She said we was related to him in some way. And, What he did was, He started up this club called the Ku Klux Klan. They'd all dress up in their robes and their bedsheets and act like a bunch of ghosts or spooks or something. They'd even put bedsheets on their horses and ride around. And anyway, That's how I got my name. Forrest Gupp."
343.4,350.5,"FORREST (V.O.)","Momma said that the Forrest part was to remind me that sometimes we all do things that, Well, Just don't make nossense."
355.1,357.1,"MRS. GUMP","Just wait, let me get it."
358.1,362.0,"MRS. GUMP","Let me get it. Wait, Get it this way. Hold on."
363.9,381.6,"MRS. GUMP","Oooh. All right. What are you all staring at? Haven't you ever seen a little boy with braces on his legs before?"
381.6,385.5,"FORREST (V.O.)","Momma always had a way of explaining things so I could understand them."
386.6,402.4,"FORREST (V.O.)","We lived about a quarter mile of Route 17, About a half mile from the town of Greenbow, Alabama. That's in the county of Greenbow. Our house had been in Momma's family since her grandpa's grandpa's grandpa had come across the ocean about a thousand years ago. Something like that."
403.9,420.0,"FORREST (V.O.)","Since it was just me and Momma and we had all these empty rooms, Momma decided to let those rooms out. Mostly to people passing through. Like from, Oh, Mobile, Montgomery, Place like that. That's how me and Mommy got money. Mommy was a real smart lady."
420.6,425.0,"MRS. GUMP","Remember what I told you, Forrest. You're no different than anybody else is."
427.8,434.2,"MRS. GUMP","Did you hear what I said, Forrest? You're the same as everybody else. You are no different."
434.6,441.4,"PRINCIPAL","Your boy's... Different, Mrs. Gump. Now, His I.Q. Is seventy-five."
441.7,445.0,"MRS. GUMP","Well, We're all different, Mr. Hancock."
448.2,456.6,"FORREST (V.O.)","She wanted me to have the finest education, So she took me to the Greenbow County Central School. I met the principal and all."
456.9,462.4,"PRINCIPAL","I want to show you something, Mrs. Gump. Now, This is normal."
463.1,477.1,"PRINCIPAL","Forrest is right here. The state requires a minimum I.Q. Of eighty to attend public school, Mrs. Gump. He's gonna have to go to a special school. Now, He'll be just fine."
478.7,500.1,"MRS. GUMP","What does normal mean, Anyway? He might be a bit on the slow side, But my boy Forrest is going to get the same opportunities as everyone else. He's not going to some special school to learn to how to re-tread tires. We're talking about five little points here. There must be something can be done."
501.7,507.4,"PRINCIPAL","We're a progressive school system. We don't want to see anybody left behind."
508.5,512.0,"PRINCIPAL","Is there a Mr. Gump, Mrs. Gump?"
514.9,516.5,"MRS. GUMP","He's on vacation."
533.5,536.4,"PRINCIPAL","Well, Your momma sure does care about your schooling, Son. Mm-mm-mm."
542.5,544.3,"PRINCIPAL","You don't say much, do you?"
555.9,564.2,"MRS. GUMP","Finally, He had to try it. It looked easy, But, Oh, What happened. First there..."
563.3,566.0,"FORREST","Momma, what's vacation mean?"
566.6,567.7,"MRS. GUMP","Vacation?"
567.9,569.3,"FORREST","Where Daddy went?"
571.6,578.0,"MRS. GUMP","Vacation's when you go somewhere, And you don't ever come back."
583.0,586.7,"FORREST (V.O.)","Anyway, I guess you could say me and Momma was on our own."
587.6,594.0,"FORREST (V.O.)","But we didn't mind. Our house was never empty. There was always folks comin' And goin'."
593.9,594.7,"MRS. GUMP (V.O.)","Suppa."
594.9,597.4,"MRS. GUMP","It's suppa, everyone. Forrest..."
595.3,598.7,"MAN WITH CANE","My, My. That sure looks special."
598.3,610.9,"FORREST (V.O.)","Sometimes we had so many people stayin' With us that every room was filled with travelers. You know, Folks livin' Out of their suitcases, And hat cases, And sample cases."
598.5,600.4,"MRS. GUMP","Gentlemen, Would you care to join us for supper? Hurry up and get it before the flies do. I prefer you don't smoke that cigar so close to mealtime."
605.4,612.3,"MRS. GUMP","Well, You go ahead and start. I can't find Forrest."
612.9,616.8,"MRS. GUMP","Forrest... Forrest..."
613.3,619.2,"FORREST (V.O.)","One time a young man was staying with us, And he had him a guitar case."
623.7,630.0,"ELVIS PRESLEY","(sings) ""Well, You ain't never caught a rabbit, And you ain't no friend of mine."
632.7,636.5,"MRS. GUMP","Forrest! I told you not to bother this nice young man."
635.7,640.3,"ELVIS PRESLEY","Oh, No, That's all right, Ma'am. I was just showin' Him a thing or two on the guitar here."
640.7,643.3,"MRS. GUMP","All right, But your supper's ready if y'all want to eat."
643.7,645.48,"ELVIS PRESLEY","Yeah, That sounds good. Thank you, Ma'am."
647.3,651.9,"ELVIS PRESLEY","Say, Man, Show me that crazy little walk you just did there. Slow it down some."
652.7,655.4,"ELVIS PRESLEY","(sings) ""You ain't nothin' But a hound, Hound dog..."
654.6,656.6,"FORREST (V.O.)","I liked that uiitar."
657.1,658.8,"FORREST (V.O.)","It sounded good."
657.7,657.701,"ELVIS PRESLEY","(sings) ""...Cryin' All the time"
660.5,666.2,"FORREST (V.O.)","I started moving around to the music, Swinging my hips. This one night me and Momma..."
661.7,661.701,"ELVIS PRESLEY","(sings) ""You ain't nothin' But a hound dog..."
670.1,675.0,"FORREST (V.O.)","...was out shoppin', And we walked right by Benson's Furniture and Appliance store, And guess what."
677.2,677.201,"ELVIS PRESLEY","(sings) You ain't nothin' But a hound dog..."
685.8,685.801,"ELVIS PRESLEY","(sings) You ain't nothin' But a houndddog..."
687.5,689.3,"MRS. GUMP","This is not children's eyes."
692.7,702.4,"FORREST (V.O.)","Some years later, That handsome young man who they called ""The King,"" Well, He sung too many songs, Had himself a heart attack or something."
694.6,694.601,"ELVIS PRESLEY","(sings) ""Well, You ain't never caught a rabbit and you ain't no friend of mine."
703.4,712.9,"FORREST","Must be hard being a king. You know, It's funny how you remember some things, But some things you can't."
713.1,715.4,"MRS. GUMP","You do your very best now, Forrest."
715.4,716.8,"FORREST","I sure will, Momma."
718.5,724.0,"FORREST (V.O.)","I remember the bus ride on the first day of school very well."
726.2,727.6,"BUS DRIVER","Are you comin' along?"
727.8,731.3,"FORREST","Momma said not to be taking rides from strangers."
731.4,733.3,"BUS DRIVER","This is the bus to school."
736.4,738.4,"FORREST","I'm Forrest Gump."
739.3,740.7,"BUS DRIVER","I'm Dorothy Harris."
741.0,743.3,"FORREST","Well, now we ain't strangers anymore."
755.5,756.9,"BOY #1","This seat's taken."
759.8,760.4,"BOY #2","It's taken!"
768.7,770.1,"BOY #3","You can't sit here."
772.7,778.2,"FORREST (V.O.)","You know, It's funny what a young man recollects. 'Cause I don't remember being born."
779.1,791.0,"FORREST (V.O.)","I, I... Don't recall what I got for my first Christmas and I don't know when I went on my first outdoor picnic. But, I do remember the first time I heard the sweetiest voice..."
791.0,792.9,"FORREST (V.O.)","...in the widewworld."
792.8,794.9,"JENNY","You can sit here if yo want."
798.2,804.3,"FORREST (V.O.)","I had never seen anything so beautiful in my life. She was like an angel."
804.4,806.8,"JENNY","Well, Are you gonna sit down, Or aren't ya?"
811.9,813.5,"JENNY","What's wrong with your legs?"
813.9,817.6,"FORREST","Um, Nothing at all, Thank you. My legs are just fine and dandy."
818.9,825.4,"FORREST (V.O.)","I just sat next to her on that bus and had conversation all the way to school."
819.7,821.6,"JENNY","Then why do you have those shoes on?"
822.3,829.7,"FORREST","My momma said my back's crooked like a question mark. These are going to make me as straight as an arrow. They're my magic shoes."
826.5,831.2,"FORREST (V.O.)","And next to Momma, No one ever talked to me or asked me questions."
831.9,833.9,"JENNY","Are you stupid or something."
833.9,837.2,"FORREST","Mommy says stupid is as stupid does."
838.2,839.1,"JENNY","I'm Jenny."
840.2,842.1,"FORREST","I'm Forrest Gump. Forrest Gump."
842.5,848.3,"FORREST (V.O.)","From that day on, We was always together. Jenny and me was like peas and carrots."
850.4,852.2,"FORREST (V.O.)","She taught me how to climb..."
852.2,854.9,"JENNY","Come on, Forrest, you can do it."
854.9,856.8,"FORREST (V.O.)","...I showed her how to dangle."
857.5,861.5,"FORREST","...a good little monkey and..."
859.3,861.4,"FORREST (V.O.)","She helped me to learn how to read."
862.5,864.2,"FORREST (V.O.)","And I showed her to swing."
866.3,870.1,"FORREST (V.O.)","Sometimes we'd just sit out and wait for the stars."
870.2,872.5,"FORREST","Momma's gonna worry about me."
872.8,874.5,"JENNY","Just stay a little longer."
875.9,879.3,"FORREST (V.O.)","For some reason, Jenny didn't never want to go home."
879.7,881.9,"FORREST","Okay, Jenny. I'll stay."
882.6,885.9,"FORREST (V.O.)","She was my most special friend."
888.5,890.0,"FORREST","My only friend."
893.5,900.1,"FORREST","Now, My Momma always told me that miracles happen every day. Some people don't think so, But they do."
902.6,903.0,"BOY #1","Hey... dummy!"
905.1,907.0,"BOY #2","Are you retarded, Or just plain stupid?"
907.1,908.9,"BOY #3","Look, I'm Forrest Gump."
908.9,910.7,"JENNY","Just run away, Forrest."
911.7,912.6,"JENNY","Run, Forrest!"
912.9,914.0,"JENNY","Run away! Hurry!"
914.8,915.7,"BOY #2","Get the bikes!"
915.9,916.6,"BOY #3","Hurry up!"
916.6,918.7,"BOY #3","Let's get him! Come on!"
918.6,919.8,"BOY #2","Look out, dummy, here we come!"
920.6,922.0,"BOY #2","We're gonna get you!"
923.2,925.2,"JENNY","Run, Forrest! Run!"
925.2,926.9,"JENNY","Run, Frrrest!"
928.6,929.9,"BOY #1","Come back here, you!"
943.3,946.8,"JENNY","Run, Forrest! Run!"
977.0,979.7,"FORREST (V.O.)","Now, You wouldn't believe it if I told you."
980.9,983.1,"FORREST","But I can run like the wind blows."
986.4,992.0,"FORREST","From that day on, If I was going somewhere, I was running!"
991.3,993.0,"BOY #2","He's gettin' away! Stop him!"
999.4,1000.0,"BOY #2",""
1024.0,1026.8,"MAN","That boy sure is a runnin' Fool"
1030.8,1044.099,"FORREST (V.O.)","Now remember how I told you that Jenny never seemed to want to go home? Well, She lived in a house that was as old as Alabama. Her Momma had gone up to heaven when she was five and her daddy was some kind of a farmer."
1045.5,1046.599,"FORREST","Jenny?"
1046.3,1058.9,"FORREST (V.O.)","He was a very lovin' Man. He was always kissing and touchin' Her and her sisters. And then this one time, Jenny wasn't on the bus to go to school."
1049.5,1050.3,"FORREST","Jenny?"
1060.0,1062.3,"FORREST","Jenny, Why didn't you come to school today?"
1062.0,1064.5,"JENNY","Hsh! Daddy's takin' a nap."
1064.9,1065.6,"JENNY'S DAD","Jenny!"
1065.9,1066.7,"JENNY","Come on!"
1068.0,1073.6,"JENNY'S DAD","Jenny, Where'd you run to? You'd better come back here, Girl!"
1075.7,1076.4,"JENNY'S DAD","Where you at?"
1080.5,1087.2,"JENNY'S DAD","Jenny! Jenny! Where you at? Jenny!"
1087.9,1090.4,"JENNY","Pray with me, Forrest. Pray with me."
1090.9,1091.6,"JENNY'S DAD","Jenny!"
1091.9,1101.7,"JENNY","Dear God, Make me a bird so I can fly far, Far, Far away from here. Dear God, Make me a bird so I can fly far, Far, Far away from here."
1101.7,1105.4,"FORREST (V.O.)","Momma always said that God is mysterious."
1105.0,1109.8,"JENNY'S DAD","Jenny! Get back here!"
1105.9,1109.6,"FORREST (V.O.)","He didn't turn Jenny into a bird that day. Instead..."
1111.5,1124.1,"FORREST (V.O.)","...he had the police say Jenny didn't have to stay in that house no more. She went to live with her grandma just over on Creekmore Avenue, Which made me happy 'cause she was so close."
1125.4,1135.3,"FORREST (V.O.)","Some nights, Jenny'd sneak out and come over to my house, Just 'cause she said she was scared. Scared of what, I don't know..."
1135.9,1144.3,"FORREST (V.O.)","...but I think it was her grandma's dog. He was a mean dog. Anyway, Jenny and me was best friends..."
1144.3,1146.2,"FORREST (V.O.)","...all the way to high school."
1147.4,1148.6,"OLDER BOY #1","Hey, stupid!"
1148.7,1149.4,"JENNY","Quit it!"
1150.5,1151.9,"JENNY","Run, Forrest, run!"
1152.0,1154.8,"OLDER BOY #1","Hey. Did you hear me, stupid?"
1154.7,1155.8,"JENNY","Run, Forrest!"
1158.0,1159.5,"OLDER BOY #2","Come on, he's getting away! Move it!"
1160.7,1163.1,"JENNY","Run, Forrest! Run!"
1162.8,1166.4,"OLDER BOY #1","You better be runnin', stupid."
1168.2,1171.2,"OLDER BOY #1","Haul ass, dummy!"
1169.2,1169.7,"OLDER BOY #2","Come on, dummy!"
1169.7,1173.4,"OLDER BOY #1","Yeah, you better be runnin'!"
1171.2,1171.201,"BOY","Ya-hoo!"
1174.7,1175.7,"OLDER BOY #1","Move it, jack rabbit!"
1188.2,1188.201,"OLDER BOY #1","Come on!"
1190.0,1191.5,"JENNY","Run, Forrest!"
1194.3,1201.4,"FORREST","Now, It used to be, I ran to get where I was goin'. I never thought it would take me anywhere."
1203.5,1207.9,"OLDER BOY","Come on. Whoo-hoo!"
1229.6,1231.3,"FOOTBALL COACH","Who in the hell is that?"
1231.4,1235.7,"HIGH SCHOOL COACH","That there is Forrest Gump. Coach. Just a local idiot."
1236.9,1240.2,"FORREST (V.O.)","And can you believe it? I got to go to college, Too."
1249.2,1249.6,"FOOTBALL PLAYER","Okay! Run!"
1251.0,1253.7,"FOOTBALL COACH","Run, you stupid son-of-a-bitch! Run!"
1265.5,1269.1,"FOOTBALL COACH","You stupid son-of-a-bitch! Run! Go! Run!"
1270.7,1272.1,"FOOTBALL COACH","Run! Turn! Go!"
1284.4,1289.6,"FOOTBALL COACH","He must be the stupidest son-of-a- Bitch alive. But he sure i fast!"
1321.6,1322.3,"JENNY","Ouch! That hurts."
1334.3,1339.5,"JENNY","Forrest! Forrest! Forrest, Stop it! Stop it!"
1339.6,1342.7,"BILLY","Jesus!"
1341.2,1342.8,"JENNY","What are you doing?"
1342.2,1344.6,"FORREST","He was hurtin' You."
1342.7,1344.4,"BILLY","What the hell is going on here?"
1344.2,1345.1,"JENNY","No, he's not!"
1344.5,1346.6,"BILLY","Who is that? Who is that?"
1345.5,1346.3,"JENNY","Get over there!"
1347.8,1348.9,"JENNY","Billy, I'm sorry."
1347.8,1349.6,"BILLY","What in the hell, Git, Would you git away from me!"
1350.0,1351.6,"JENNY","Don't... Wait a second!"
1350.3,1351.8,"BILLY","Git, just git away from me!"
1351.5,1354.0,"JENNY","Don't go! Billy, wait a second!"
1354.2,1355.8,"JENNY","He doesn't know any better!"
1358.2,1361.0,"JENNY","Forrest, why'd you do that?"
1363.6,1372.5,"FORREST","I brought you some chocolates. I'm sorry. I'll go back to my college now."
1372.7,1373.9,"JENNY","Forrest"
1377.2,1378.5,"JENNY","Look at you!"
1380.6,1382.9,"JENNY","Come on. Come on."
1390.0,1391.2,"FORREST","Is this your room?"
1390.5,1391.1,"JENNY","Shh!"
1396.0,1400.7,"JENNY","Do you ever dream, Forrest, About who you're gonna be?"
1402.3,1403.5,"FORREST","Who I'm gonna be?"
1403.6,1404.4,"JENNY","Yeah."
1403.9,1405.8,"FORREST","Aren't I going to be me?"
1405.7,1413.7,"JENNY","Well, You'll always be you, Just another kind of you. You know? I want to be famous."
1415.1,1427.1,"JENNY","I want to be a singer like Joan Baez. I just want to be an empty stage with my guitar, My voice... Just me."
1428.7,1437.3,"JENNY","And I want to reach people on a personal level. I want to be able to say things, Just one-to-one."
1445.0,1446.9,"JENNY","Have you ever been with a girl, Forrest?"
1449.0,1452.5,"FORREST","I sit next to them in my home economics class all the time."
1450.8,1450.801,"DJ","(over radio) You're listening to WHHY in Birmingham, The clear A.M. Voice of Northern Alabama. I'm Joel Dorn..."
1457.5,1457.501,"DJ","(over radio) ...Coming to you on a night that is anything but clear. The weatherman says that rain's gonna fall all night long so stay with us, Get warm, Get cozy, Get under the covers to the cool sounds of WHHY."
1477.5,1482.9,"FORREST","Ohh... Oh... I'm sorry. Sorry."
1481.2,1482.2,"JENNY","It's okay."
1489.1,1489.101,"DJ","(over radio) ...444-6789, With ya till sunrise, Playing the music you want to hear when you want to hear it. If you have a request or dedication, Give us a call. We guarantee you'll hear your requests within one hour."
1491.1,1492.1,"JENNY","It's all right."
1491.5,1491.501,"DJ","(over radio) Candy is on the line tonight. Candy's answering the phones, Give Candy your request, Your dedication, And ask her why she won't go out with me, Would you? Here's more music."
1495.4,1496.2,"JENNY","It's okay."
1496.5,1497.9,"FORREST","Oh, I'm dizzy."
1505.8,1508.1,"JENNY","I bet that never happened in home ec."
1513.1,1514.0,"FORREST","No."
1520.1,1523.6,"FORREST","I think I ruined your roommate's bathrobe."
1523.3,1525.3,"JENNY","I don't care. I don't like her, Anyway."
1525.3,1528.0,"CROWD","Run! Run! Run!"
1533.3,1533.301,"CROWD","Stop!"
1540.5,1544.7,"FORREST (V.O.)","College ran by real fast 'cause I played so much football."
1544.7,1551.3,"FORREST (V.O.)","They even put me on a thing called the All-America Team where you get to meet the President of the United States."
1551.4,1555.7,"ANNOUNCER","(over newsreel) President Kennedy met with the Collegiate All-American Football Team at the Oval Office today."
1557.2,1562.1,"FORREST (V.O.)","Now, The real good thing about meeting the President of the United States is the food."
1562.9,1571.9,"FORREST (V.O.)","They put you in this little room with just about anything you'd want to eat or drink. And since number one, I wasn't hungry, But thirsty..."
1571.9,1577.3,"FORREST (V.O.)","...and number two, They was free, I musta drank me about fifteen Dr. Peppers."
1580.2,1582.6,"PRESIDENT KENNEDY","Congratulations. How does it feel to be an All-American?"
1582.5,1583.4,"1ST PLAYER","It's an honor, Sir."
1584.0,1586.4,"PRESIDENT KENNEDY","Congratulations. How does it feel to be an All-American?"
1586.0,1587.4,"2ND PLAYER","Very good, Sir."
1588.6,1591.4,"PRESIDENT KENNEDY","Congratulations. How does it feel to be an All-American?"
1590.9,1592.4,"3RD PLAYER","Very good, Sir."
1592.8,1594.7,"PRESIDENT KENNEDY","Congratulations. How do you feel?"
1595.0,1596.0,"FORREST","I gotta pee."
1597.0,1598.7,"PRESIDENT KENNEDY","I believe he said he had to go pee."
1613.8,1621.1,"FORREST (V.O.)","Sometime later, For no particular reason, Somebody shot that nice young President when he was ridin' In his car."
1621.9,1624.0,"FORREST","And a few years after that..."
1624.0,1628.1,"FORREST (V.O.)","...somebody shot his little brother, Too, Only he was in a hotel kitchen."
1629.3,1633.9,"FORREST","It must be hard being brothers. I wouldn't know."
1634.3,1635.8,"DEAN","Forrest Gump."
1635.8,1641.8,"FORREST (V.O.)","Now can you believe it? After only five years of playing football, I got a college degree."
1640.8,1642.7,"DEAN","Congratulations, son."
1643.6,1645.4,"FORREST (V.O.)","Momma was proud."
1646.3,1650.5,"MRS. GUMP","Forrest, I'm so proud of you. Here, I'll hold this for you."
1650.6,1654.8,"MILITARY RECRUITER","Congratulations, Son. Have you given any thought to your future?"
1657.4,1658.3,"FORREST","Thought?"
1659.9,1661.1,"FORREST (V.O.)","Hello, I'm Forrest..."
1661.1,1661.9,"FORREST","...Forrest Gump."
1661.9,1670.6,"ARMY BUS DRIVER","Nobody gives a hunk of shit who you are, Fuzzball! You're not even a lowlife scum sucking maggot! Get your faggoty ass on the bus. You're in the Army now!"
1671.5,1672.8,"RECRUIT #1","This seat's taken."
1675.3,1676.0,"RECRUIT #2","It's taken."
1679.2,1682.0,"FORREST (V.O.)","At first, It seemed like I made a mistake."
1682.0,1685.6,"FORREST (V.O.)","...seeing how it was my induction day and I was already gettin' Yelled at."
1689.5,1691.05,"BUBBA","You can sit down... if you want to."
1691.9,1695.7,"FORREST (V.O.)","I didn't know who I might meet or what they might ask."
1695.7,1697.8,"BUBBA","You ever been on a real shrimp boat?"
1698.8,1701.9,"FORREST","No, but I been on a real big boat."
1702.8,1720.9,"BUBBA","I'm talkin' About a shrimp catchin' Boat. I've been workin' On shrimp boats all my life. I started out my uncle's boat, That's my mother's brother, When I was about maybe nine. I was just lookin' Into buyin' A boat of my own and got drafted. My given name is Benjamin Buford Blue."
1721.1,1726.6,"BUBBA","People call me Bubba. Just like one of them redneck boys. Can you believe that?"
1726.8,1730.3,"FORREST","My name's Forrest Gump. People call me Forrest Gump."
1731.1,1735.5,"FORREST (V.O.)","So Bubba was from Bayou La Batre, Alabama, And his momma cooked shrimp."
1737.3,1739.6,"FORREST (V.O.)","And her momma before her cooked shrimp."
1740.2,1744.7,"FORREST (V.O.)","And her momma before her momma cooked shrimp, Too. Bubba's family knew everything..."
1744.7,1747.0,"FORREST (V.O.)","...there was to know about the shrimpin' Business."
1747.2,1755.0,"BUBBA","I know everything there is to know about the shrimpin' Business. Matter of fact, I'm goin' Into the shrimpin' Business for myself after I get out the Army."
1758.4,1759.2,"FORREST","Okay."
1759.2,1763.2,"DRILL SERGEANT","Gump! What's your sole purpose in this Army?"
1763.2,1765.7,"FORREST","To do whatever you tell me, Drill Sergeant!"
1765.8,1776.5,"DRILL SERGEANT","Godamnit, Gump! You're a goddamned genius! That's the most outstanding answer I've ever heard. You must have a godamned I.Q. Of a hundred and sixty! You are godamned gifted, Privat Gump!"
1778.0,1779.5,"DRILL SERGEANT","Listen up, people..."
1779.9,1788.8,"FORREST (V.O.)","Now, For some reason, I fit in the Army like one of them round pegs. It's not really hard. You just make your bed real neat and remember to stand up straight."
1780.0,1783.7,"DRILL SERGEANT","That is one very intelligent individual! You lock your scuzzy bodies up behind that private and do exactly what he does and you will go far in this man's army!"
1788.8,1792.9,"FORREST (V.O.)","And always answer every question with ""Yes, Drill Sergeant!"
1793.0,1794.0,"DRILL SERGEANT","Is that clear?"
1794.1,1796.3,"FORREST & RECRUITS","Yes, Drill Sergeant!"
1796.8,1810.4,"BUBBA","What you do is you just drag your nets across the bottom. On a good day, You can catch over a hundred pounds of shrimp. If everything goes all right, Two men shrimpin' Ten hours, Less what you spends on gas, You can..."
1809.7,1810.9,"FORREST","Done, Drill Sergeant!"
1811.4,1812.0,"DRILL SERGEANT","Gump!"
1814.5,1816.7,"DRILL SERGEANT","Why did you put that weapon together so quickly, Gump?"
1817.5,1819.1,"FORREST","You told me to, Drill Sergeant."
1819.1,1831.1,"DRILL SERGEANT","Jesus Christ! This is a new company record. If it wouldn't be a waste of such a damn fine enlisted man, I'd recommended you for O.C.S., Private Gump. You are gonna be a General some day, Gump! Now, Disassemble your weapon and continue!"
1834.0,1845.5,"BUBBA","Anyway, Like I was sayin', Shrimp is the fruit of the sea. You can barbecue it, Boil it, Broil it, Bake it, Saute it. There, Uh, Shrimp kabobs, Shrimp creole..."
1845.7,1856.5,"BUBBA","...shrimp gumbo, Panfried, Deep fried, Stir fried. There's pineapple shrimp, Lemon shrimp, Coconut shrimp, Pepper shrimp..."
1856.5,1871.1,"BUBBA","...shrimp soup, Shrimp stew, Shrimp salad, Shrimp and potatoes, Shrimp burger, Shrimp sandwich... That's, That's about it."
1873.6,1876.6,"FORREST (V.O.)","Nighttime in the Army is a lovely time."
1877.4,1883.4,"FORREST (V.O.)","We'd lay there in our bunks, And I'd miss my momma. And I'd miss Jenny."
1887.4,1891.8,"YOUNG PRIVATE","Hey, Gump. Get a load of the tits on her!"
1904.1,1912.4,"FORREST (V.O.)","Turns out, Jenny had gotten into some trouble over... Some photos of her in her college sweater. And she was thrown out of school."
1912.5,1915.8,"SONG","My baby does the hanky-panky..."
1916.3,1933.4,"FORREST (V.O.)","But that wasn't a bad thing. Because a man who owns a theater in Memphis, Tennessee, Saw those photo and offered Jenny a job singing in a show. The first chance I got, I took the bus up to Memphis to see her perform in that show."
1933.1,1947.1,"EMCEE","That was Amber, Amber Flame. Give her a big hand, Guys. Good job, Amber. And now, For your listening and viewing pleasure, Direct from Hollywood, California, Our very own beatnik beauty, Let's give a big round of applause to the luscious Bobbie Dylan."
1949.3,1949.301,"CROWD","Bobbie... Bobbie..."
1956.0,1977.9,"JENNY","(sings) ""Yes, And how many seas must the white dove said, Before she sleeps in the sand."
1973.4,1978.6,"FORREST (V.O.)","Her dream had come true. She was a folk singer."
1978.6,1990.5,"JENNY","(Gesang) ""Yes, How many times must the cannonballs fly before they're forever banned."
1985.8,1986.0,"MAN #1","You gotta lose the guitar, darling."
1987.2,1987.6,"MAN #2","Hey, Come on, Baby. Shake it up. Shake it up now."
1989.3,1992.1,"MAN #3","Hey, Somebody ought to get her a harmonica."
1991.0,1995.9,"JENNY","(Gesang) ""The answer, My friend is blowing in the wind. The answer is blowing in..."
1994.2,1994.201,"MAN #","...skin, Honey. This isn't Captain Kangaroo"
1996.6,1996.601,"MEN","Yeah! Come on!"
1996.9,1998.6,"MAN #5","Hey, Honey, I got something here for you."
2000.3,2001.4,"MAN #5","Goddamnit!"
2001.8,2006.6,"JENNY","Hey! Hey! Stupid jerk! I'm singing a song here. Polly, Get out here!"
2008.4,2008.5,"MAN #","Hey, show us some stuff, honey!"
2012.7,2012.701,"JENNY","Shut up! Oh, shut up!"
2016.7,2020.7,"JENNY","Forrest, What are you doing here? What are you doing?"
2021.1,2021.101,"FORREST","Come on."
2021.3,2024.3,"JENNY","What are you doing? Forrest, Let me down!"
2029.8,2034.6,"JENNY","You can't keep doing this, Forrest. You can't keep tryin' To rescue me all the time."
2034.0,2035.9,"FORREST","They was tryin' to grab you."
2035.9,2041.9,"JENNY","A lot of people try to grab me. Just -- You can't keep doing this all the time!"
2042.4,2045.6,"FORREST","I can't help it. I love you."
2045.9,2049.9,"JENNY","Forrest, You don't know what love is."
2056.4,2064.699,"JENNY","You remember that time we prayed, Forrest? We prayed for God to turn me into a bird so I could fly far, Far away?"
2066.5,2068.0,"FORREST","Yes, I do."
2071.5,2073.5,"JENNY","You think I can fly off this bridge?"
2080.5,2082.9,"FORREST","What do you mean, Jenny?"
2086.5,2087.6,"JENNY","Nothing."
2090.699,2092.199,"JENNY","I gotta get outta here."
2094.6,2096.0,"FORREST","But wait. Jenny!"
2096.0,2099.3,"JENNY","Forrest, You stay away from me, Okay? You just stay away from me, Please."
2100.3,2101.4,"JENNY","Can I have a ride?"
2101.5,2102.5,"DRIVER","Where you going?"
2102.5,2103.3,"JENNY","I don't care."
2103.3,2104.3,"DRIVER","Get in the truck."
2104.4,2115.6,"FORREST","So bye-bye, Jenny. They sendin' Me to Vietnam. It's this whole other country."
2118.4,2119.7,"JENNY","Just hang on a minute."
2121.7,2129.6,"JENNY","Listen, You promise me something, Okay? Just if you're ever in trouble, Don't try to be brave, You just run, Okay? Just run away."
2130.6,2131.32,"FORREST","Okay. Jenny, I'll write you all the time."
2136.7,2141.5,"FORREST","Jenny, I'll write you all the time."
2164.5,2188.7,"SONG","Some folks are born made to wave the flag. Ooh, They're red, White and blue. And when the band plays ""Hail to the Chief,"" Ohh, They point the cannon at you all. It ain't me. It ain't me. I ain't no Senator's son, No. It ain't me. It ain't me..."
2187.9,2193.7,"FORREST (V.O.)","Now, They told us that Vietnam was gonna be very different from the United Sates of America."
2193.8,2198.6,"FORREST (V.O.)","Except for all the beer cans and the barbecue, It was."
2208.2,2224.5,"BUBBA","Y'know, I bet there's shrimp all in these waters. They tell me these Vietnams is good shrimp. You know, After we win this war, And we take over everything we can get American shrimpers to come on here and shrimp these waters. We'll just shrimp all the time, Man. So much shrimp, Why, You wouldn't believe it."
2226.0,2227.4,"LT. DAN","You must be my F.N.G.'s."
2228.2,2229.1,"BUBBA","Morning', sir!"
2228.2,2229.1,"FORREST","Morning', sir!"
2229.0,2239.4,"LT. DAN","Ho! Get your hands down. Do not salute me. There are goddamned snipers all around this area who would love to grease an officer. I'm Lieutenant Dan Taylor. Welcome to Fourth Platoon."
2241.0,2242.2,"LT. DAN","What's wrong with your lips?"
2243.5,2245.5,"BUBBA","I was born with big gums, sir."
2245.9,2252.6,"LT. DAN","Yeah, Well, You better tuck that in. Gonna get that caught on a trip wire. Where you boys from in the world?"
2252.8,2254.1,"BUBBA","Alabama, sir!"
2252.8,2254.1,"FORREST","Alabama, sir!"
2255.7,2256.7,"LT. DAN","You twins?"
2259.4,2261.3,"FORREST","No, we are not relations, sir."
2263.8,2266.3,"LT. DAN","Look, it's pretty basic here."
2267.3,2277.0,"LT. DAN","You stick with me, You learn from the guys who been in country awhile, You'll be right. There is one item of G.I. Gear that can be the difference between a live grunt and a dead grunt."
2278.6,2289.5,"LT. DAN","Socks, Cushion, Sole, O.D. Green. Try and keep your feet dry when we're out humpin'. I want you boys to remember to change your socks wherever we stop. The Mekong will eat a grunt's feet right off his legs."
2290.0,2293.6,"LT. DAN","Sergeant Sims! Goddamnit, Where is that sling-rope I told you to order."
2293.6,2296.1,"SGT. SIMS","I put in requisitions at Battalion."
2295.4,2298.0,"LT. DAN","Yeah, Yeah, Yeah, Well you call those sonabitches again, Call them again and again and again. I don't care how much it takes..."
2297.4,2309.8,"FORREST (V.O.)","Lt. Dan sure knew his stuff. I felt real lucky he was my lieutenant. He was from a long, Great military tradition. Somebody in his family had fought and died in every single American war."
2315.5,2316.7,"LT. DAN","Goddamnit, kick some ass!"
2316.4,2317.4,"SGT. SIMS","I'm on it, Lieutenant."
2317.4,2318.1,"LT. DAN","Get on it!"
2318.5,2322.6,"FORREST (V.O.)","I guess you could say he had a lot to live up to."
2323.4,2336.2,"LT. DAN","So, You boys are from Arkansas, Huh? Well, I've been through there. Little Rock's a fine town. Now, Go shake down your gear, See the platoon sergeant, Draw what you need for the field."
2336.9,2339.8,"LT. DAN","If you boys are hungry, We got steaks burnin' Right here."
2340.8,2351.2,"LT. DAN","Two standing orders in this platoon. One, Take good care of your feet. Two, Try not to do anything stupid, Like gettin' Yourself killed."
2357.2,2359.3,"FORREST","I sure hope I don't let him down."
2370.4,2387.1,"FORREST (V.O.)","I got to see a lot of countryside. We would take these real long walks. And we were always lookin' For this guy named Charlie."
2389.9,2389.901,"SONG","I can't get no relief."
2394.9,2395.2,"LT. DAN","Hold it up!"
2395.2,2396.4,"SGT. SIMS","Hold up, boys!"
2399.5,2410.7,"FORREST (V.O.)","It wasn't always fun. Lt. Dan always gettin' These funny feelings about a rock or a trail, Or the road, So he'd tell you to get down, Shut up!"
2411.1,2413.0,"LT. DAN","Get down! Shut up!"
2413.9,2415.0,"FORREST (V.O.)","So we did."
2432.2,2444.4,"FORREST (V.O.)","Now, I don't know much about anything, But I think some of American's best young men served in this war. There was Dallas, From Phoenix. Cleveland, He was from Detroit."
2444.7,2449.3,"CLEVELAND","Hey, Tex. Hey, Tex. Man, What the hell's going on?"
2449.7,2454.0,"FORREST (V.O.)","And Tex was, Well, I don't remember where Tex come from."
2454.0,2463.7,"LT. DAN","Ah, Nothin'. Fourth Platoon, On your feet! Still got ten clicks to go to that river."
2464.0,2465.1,"LT. DAN","All right, Move out! Comin' Out. Look alive out there."
2471.6,2475.6,"FORREST (V.O.)","The good thing about Vietnam is there was always someplace to go."
2480.7,2482.2,"LT. DAN (V.O.)","Fire in the hole!"
2483.2,2485.2,"FORREST (V.O.)","And there was always something to do."
2486.1,2486.9,"LT. DAN","Mount 'em up."
2486.8,2488.3,"SGT. SIMS","Spread out! Cover his back."
2493.7,2499.1,"FORREST (V.O.)","One day it started raining, And it didn't quit for four months."
2500.0,2505.1,"FORREST (V.O.)","We been through every kind of rain there is. Little bitty stingin' Rain..."
2506.0,2507.7,"FORREST (V.O.)","...and big ol' fat rain."
2509.1,2511.3,"FORREST (V.O.)","Rain that flew in sideways."
2511.6,2516.2,"FORREST (V.O.)","And sometimes rain even seemed to come straight up from underneath."
2517.4,2520.4,"FORREST (V.O.)","Shoot, it even rained at night."
2520.6,2521.3,"BUBBA","Hey Forrest..."
2521.9,2522.8,"FORREST","Hey Bubba..."
2523.0,2526.3,"BUBBA","I'm gonna lean up against you, You just lean right back against me."
2526.3,2551.8,"BUBBA","This way, We don't have to sleep with our heads in the mud. You know why we a good partnership, Forrest? 'Cause we be watchin' Out for one another. Like brothers and stuff. Hey, Forrest, There's somethin' I've been thinkin' About. I got a very important question to ask you. How would you like to go into the shrimpin' Business with me?"
2553.5,2554.5,"FORREST","Okay."
2555.1,2576.6,"BUBBA","Man, I tell you what, I got it all figured out, Too. So many pounds of shrimp to pay off the boat, So many pounds for gas, We can just live right on the boat. We ain't got to pay no rent. I'll be the captain; We can just work it together. Split everything right down the middle. Man, I'm tellin' You, Fifty-fifty. And, Hey, Forrest, All the shrimp you can get."
2577.9,2579.7,"FORREST","That's a fine idea."
2580.7,2582.7,"FORREST (V.O.)","Bubba did have a fine idea."
2586.5,2600.3,"FORREST (V.O.)","I even wrote Jenny and told her all about it. I sent her letters. Not every day, But almost. I told her what I was doin' And asked her what she was doing, And I told her how I thought about her always."
2602.2,2611.3,"FORREST (V.O.)","And how I was looking forward to getting a letter from her just as soon as she had the time I'd always let her know that I was okay."
2612.9,2618.1,"FORREST (V.O.)","Then I'd sign each letter, ""Love, Forrest Gump."
2628.3,2644.8,"SONG","There's something happenin' Here. What it is ain't exactly clear. There's a man with a gun over there, Telling' Me I got to beware."
2632.1,2642.8,"FORREST (V.O.)","This one day, We was out walking, Like always, And then, Just like that, Somebody turned off the rain and the sun come out."
2648.0,2649.1,"LT. DAN","Take cover!"
2658.4,2660.4,"LT. DAN","Get that pig up here, goddammit!"
2660.4,2662.4,"BUBBA","Forrest, you okay?"
2665.5,2668.5,"LT. DAN","...Strongarm, please be advised..."
2668.6,2670.7,"BUBBA","Medic, we got a man down!"
2671.0,2672.9,"LT. DAN","Strongarm, this is Leg Lima 6, over!"
2674.5,2681.2,"LT. DAN","Roger, Strongarm, Be advised we have incoming from the treeline at point blue plus two. A.K's and rockets..."
2682.0,2684.1,"SOLDIER WITH BIG MACHINE GUN","Misfire! Misfire!"
2685.8,2691.5,"LT. DAN","Goddammit, Mac! Get that pig unfucked and get it in the treeline!"
2692.5,2701.4,"LT. DAN","(into radio) Ah, Jesus! My unit is down hard and hurting! 6 pulling back to the blue line, Leg Lima 6 out! Pull back! Pull back!"
2701.9,2704.4,"BUBBA","Forrest! Run! Run, Forrest!"
2704.6,2705.9,"LT. DAN","Pull back!"
2708.2,2709.4,"BUBBA","Forrest! Run! Run, Forrest! Run! Run!"
2709.5,2710.8,"SGT. SIMS","Pull back! Let's go!"
2713.0,2716.9,"LT. DAN","Run, goddammit, run!"
2735.7,2736.5,"SOLDIER","Medic! Medic! Jesus, Can I get a medic?"
2740.3,2744.0,"FORREST (V.O.)","I ran and ran, Just like Jenny told me to."
2746.7,2752.7,"FORREST (V.O.)","I ran so far and so fast that pretty soon I was all by myself, Which was a bad thing."
2753.2,2753.9,"FORREST","Bubba!"
2756.6,2760.3,"FORREST (V.O.)","Bubba was my best good friend. I had to make sure he was okay."
2763.7,2767.4,"1ST SOLDIER","Any friendlies out there?"
2766.8,2769.4,"2ND SOLDIER","Yeah, I've got three over there."
2769.6,2771.2,"1ST SOLDIER","Where the hell are you?"
2772.0,2772.6,"FORREST","Bubba?"
2774.2,2779.8,"FORREST (V.O.)","And on my way back to find Bubba, Well, There was this boy laying on the ground."
2779.6,2780.5,"FORREST","Tex!"
2782.7,2783.4,"FORREST","Okay."
2783.9,2790.9,"FORREST (V.O.)","I couldn't just let him lay there all alone, Scared the way he was, So I grabbed him up and run him out of there."
2806.0,2812.2,"FORREST (V.O.)","And every time I went back looking for Bubba, Somebody else was saying, ""Help me, Forrest. Help me."
2819.1,2821.3,"DALLAS","Can't hear... Can't hear..."
2823.4,2825.2,"2ND WOUNDED SOLDIER","No sweat, Man. Just lay back. You're gonna be okay. You're gonna be okay."
2828.8,2832.0,"FORREST (V.O.)","I started to get scared that I might never find Bubba."
2830.9,2833.0,"STRONGARM","(over radio) You're danger close for crack air, Over."
2832.8,2840.7,"LT. DAN","(into radio) Roger, Strongarm, I know my position is danger close! We got Charlie all over this area! I gotta have those fast movers in here now! Over!"
2840.8,2844.1,"STRONGARM","(over radio) Six, Strongarm, We want..."
2842.2,2844.0,"FORREST","Lieutenant Dan, Coleman's dead!"
2844.0,2847.5,"LT. DAN","I know he's dead! My whole goddamned platoon is wipd out!"
2847.9,2847.901,"STRONGARM","(over radio) Leg Lima 6, Leg Lima 6, How copy you this transmission? Over."
2848.4,2855.7,"LT. DAN","Goddammit! What are you doing? Leave me here! Get away. Just leave me here! Get out!"
2860.2,2865.1,"STRONGARM","Leg Lima 6, Leg Lima 6. This is Strongarm, Be advised, Your fast movers are inbound at this time, Over."
2865.6,2868.0,"FORREST (V.O.)","Then it felt like something just jumped up and bit me."
2868.8,2869.6,"FORREST","Ah, something bit me!"
2877.8,2895.5,"LT. DAN","You dink son-of-a-bitch! I can't leave the platoon! I told you to leave me there, Gump. Forget about me. Get yourself out! Did you hear what I said! Goddammit, Pull me down! Get your ass out of here!"
2899.3,2903.3,"LT. DAN","I didn't ask you to pull me out of there, Goddamn you! What the hell do you think you're going?"
2903.4,2904.3,"FORREST","To get Bubba."
2904.5,2907.5,"LT. DAN","I got an air strike inbound right now. They're gonna nape the whole area."
2908.4,2910.9,"LT. DAN","Gump, You stay here, Goddammit! That's an order!"
2910.9,2913.4,"FORREST","I gotta find Bubba!"
2928.4,2928.9,"BUBBA","Forrest..."
2937.3,2937.8,"FORREST","Bubba..."
2938.3,2940.9,"BUBBA","I'm okay."
2949.5,2951.1,"FORREST","Oh, Bubba, no..."
2951.5,2953.0,"BUBBA","Naw, I'm gonna be all right."
2961.6,2964.9,"FORREST","Come on. Come on. Come here..."
2969.0,2972.6,"BUBBA","I'm okay, Forrest. I'm all right."
3009.8,3013.2,"LT. DAN","Helo's inbound. Pop smoke, Get it up there!"
3013.9,3018.7,"FORREST (V.O.)","If I'd a known this was gonna be the last time me and Bubba was gonna talk, I'd a thought of something better to say."
3020.4,3021.2,"FORREST","Hey, Bubba..."
3022.8,3029.9,"BUBBA","Hey, Forrest. Forrest, Why'd this happen?"
3031.2,3032.7,"FORREST","You got shot."
3034.4,3037.9,"FORREST (V.O.)","Then Bubba said something I won't even forget."
3038.9,3040.1,"BUBBA","I wanna go home."
3042.6,3056.9,"FORREST (V.O.)","Bubba was my best good friend. And even I know that ain't something you can find just around the corner. Bubba was gonna be a shrimpin' Boat captain, But instead he died right there by that river in Vietnam."
3062.4,3064.5,"FORREST","That's all I have to say about that."
3066.7,3068.0,"MAN","It was a bullet, wasn't it?"
3070.9,3071.4,"FORREST","A bullet?"
3072.1,3073.5,"MAN","That jumped up and bit you."
3075.8,3093.6,"FORREST","Oh, Yes sir. Bit me directly in the buttocks. They said it was a million dollar wound, But the Army must keep that money, 'Cause I still ain't seen a nickel of that million dollars. The only good thing about being wounded in the buttocks..."
3094.2,3102.6,"FORREST (V.O.)","...is the ice cream. They gave me all the ice cream I could eat. And guess what. A good friend of mine was in the bed right next door."
3105.1,3112.3,"FORREST","Lieutenant Dan, I got you some ice cream. Lieutenant Dan, Ice cream."
3123.6,3125.1,"MALE NURSE","It's time for your bath, Lieuennant."
3133.9,3134.5,"MALE NURSE","Harper..."
3138.4,3147.5,"SOLDIER","Cooper, Larson, Webster, Gump, Gump..."
3147.6,3148.5,"FORREST","I'm Forrest Gump."
3177.4,3181.3,"SOLDIER","Gump, How can you watch that stupid shit? Turn it off!"
3179.6,3179.601,"ANNOUNCER","From the D.M.Z. To the Delta, You are tuned to the American Forces Vietnam Network. This is Channel 6, Saigon."
3189.6,3194.1,"SOLDIER","Good catch, Gump. You know how to play this?"
3196.4,3197.7,"SOLDIER","Come on, let me show you. Here."
3200.4,3208.8,"SOLDIER","Now the secret to this game is, No matter what happens, Never, Never take your eye off the ball."
3211.8,3212.4,"SOLDIER","All right..."
3216.1,3219.5,"FORREST (V.O.)","For some reason, Ping pong came very natural to me."
3220.1,3222.4,"SOLDIER","See, Any idiot can play."
3223.5,3225.1,"FORREST (V.O.)","So I started playing it all the time."
3227.2,3230.9,"FORREST (V.O.)","I played ping-pong even when I didn't have anyone to play ping-pong with."
3239.6,3248.9,"FORREST (V.O.)","The hospital's people said it made me look like a duck in water, Whatever that means. Even Lieutenant Dan would come and watch me play."
3257.2,3258.0,"OFFICER","P.F.C. Gump?"
3260.1,3260.9,"FORREST","Yes, srr!"
3262.1,3262.8,"OFFICER","As you were."
3264.1,3267.7,"OFFICER","Son, You've been awarded the Medal of Honor."
3268.7,3272.2,"FORREST","Guess what, Lieutenant Dan, They want to give me a me..."
3278.7,3282.6,"FORREST","Ma'am, What'd they do with Lieutenant Dan?"
3283.1,3284.0,"NURSE","They sent him home."
3290.6,3293.5,"FORREST (V.O.)","Two weeks later, I left Vietnam."
3294.3,3304.9,"ANCHORMAN","(on T.V.) The ceremony was kicked off with a candid speech by the President regarding the need for further escalation of the war in Vietnam. President Johnson awarded four Medals of Honor to men from each of the Armed Services."
3304.9,3307.4,"PRESIDENT JOHNSON","America owes you a debt of gratitude, Son."
3309.6,3312.6,"PRESIDENT JOHNSON","I understand you were wounded. Where were you hit?"
3313.3,3314.6,"FORREST","In the buttocks, sir."
3315.2,3316.7,"PRESIDENT JOHNSON","Oh, that must be a sight."
3317.2,3318.5,"PRESIDENT JOHNSON","I'd kinda like to see that."
3333.0,3334.1,"PRESIDENT JOHNSON","Goddamn, son."
3336.4,3344.1,"FORREST (V.O.)","After that, Momma went to the hotel to lay down, So I went out for a walk to see our national capital."
3343.5,3348.3,"ISABEL","Hilary, All right, I've got the vets, What do you want me to do with them?"
3346.9,3348.1,"HILARY","What are you doing here so late?"
3348.1,3350.8,"HILARY","We've been waiting for you for half an hour, So just get them in a line, Will you. Hey, Hey, Come on, Pictures later. You look great. Oh come on, Get in this line, Come on, Come on right in line. Come on, Let him here, Let him in here."
3348.4,3358.7,"FORREST (V.O.)","It's a good thing Momma was resting, 'Cause the street was awful crowded with people looking at all the statues and monuments. And some of them people were loud and pushy."
3358.0,3359.4,"HILARY","Okay, follow me! Come on."
3359.1,3359.8,"HILARY","Let's move it out."
3361.7,3365.7,"FORREST (V.O.)","Everywhere I went, I had to stand in line."
3378.2,3378.201,"HILARY","Stand here."
3382.1,3385.2,"VET","Hey, You're a good man for doin' This. Good!"
3383.3,3383.301,"ABBIE HOFFMAN","We must declare to that fucking impostor in the White House -- Johnson. We ain't going to work on your farm no more! Yeah!"
3386.3,3386.9,"FORREST","Okay."
3388.2,3395.3,"FORREST (V.O.)","There was this man, Giving a little talk. And for some reason, He was wearing an American flag for a shirt..."
3394.3,3394.301,"ABBIE HOFFMAN","Now, I'm going to bring up some soldiers that are going to talk about the war, Man..."
3396.4,3410.0,"FORREST (V.O.)","...and he liked to say the ""F"" Word. A lot. ""F"" This and ""F"" That. And every time..."
3400.2,3400.201,"ABBIE HOFFMAN","...that war has come home, And we have to stop these politicians..."
3402.7,3402.701,"FORREST (V.O.)","...he said ""F"" Word, People, For some reason, Well, They'd cheer."
3405.0,3405.001,"ABBIE HOFFMAN","...these guys just told Lyndon Johnson where to stick this fucking war! Yeah!"
3414.3,3416.7,"ABBIE HOFFMAN","Come on, man. Come up here, man."
3416.9,3417.7,"HILARY","Come on. Come on. Yeah, you!"
3418.3,3419.5,"HILARY","Come on, Get up there. Come on. Move, Move. Let's go! Let's go."
3419.9,3423.3,"VET","Come on, Go. You can do it. Just get up there. Go on. That's it."
3436.8,3438.3,"ABBIE HOFFMAN","Tell us a little bit about the war, Man."
3439.3,3440.5,"FORREST","The war in Vietnam?"
3440.9,3443.6,"ABBIE HOFFMAN","The war in Viet-fucking-nam!"
3468.5,3469.2,"FORREST","Well..."
3469.5,3472.7,"FORREST (V.O.)","There was only one thing I could say about the war in Vietnam."
3472.9,3477.8,"FORREST","...there was only one thing I could say about the war in Vietnam."
3481.0,3482.4,"FORREST","In Vietnam war..."
3494.1,3495.3,"POLICEMAN","Hey, what the hell are you doing?"
3495.0,3497.3,"HILARY","I'll beat your head in, You goddamned oinker!"
3498.0,3500.2,"ISABEL","Christ, what'd they do with this?"
3505.6,3506.4,"CROWD","We can't hear you! We can't hear anything!"
3507.6,3508.0,"HILARY","This one! This one! Give me that!"
3512.4,3512.7,"HILARY","That's it."
3514.7,3517.1,"FORREST","...and that's all I have to say about that."
3524.3,3529.8,"ABBIE HOFFMAN","That's so right on, Man. You said it all. What's your name, Man?"
3531.1,3533.4,"FORREST","My name is Forrest Gump. Forrest Gump."
3534.6,3535.7,"ABBIE HOFFMAN","Forrest Gump!"
3535.9,3537.2,"CROWD","Forrest Gump!"
3538.6,3542.8,"JENNY","(screaming) Forrest! Forrest!"
3546.3,3547.1,"FORREST","Jenny!"
3547.7,3548.8,"JENNY","Forrest!"
3564.7,3566.4,"JENNY","Hey! Hey!"
3575.1,3577.7,"FORREST (V.O.)","It was the happiest moment of my life."
3580.1,3587.3,"FORREST (V.O.)","Jenny and me were just peas and carrots again. She showed me around, And even introduced me..."
3587.3,3588.4,"FORREST (V.O.)","...to some of her new friends."
3589.1,3593.9,"RUBEN","Shut that blind, Man. And get your white ass away from that window. Don't you know we in war here?"
3595.3,3597.4,"JENNY","Hey man, He's cool. He's cool. He's one of us. He's one of us."
3596.8,3598.8,"MASAI","Let me tell you about us."
3597.8,3599.4,"WESLEY","Where the hell have you been?"
3598.5,3607.2,"MASAI","Our purpose here is to protect our black leaders from the racial onslaught of the pig who wishes to brutalize our black leaders, Rape our women, And destroy our black communists."
3600.3,3600.301,"JENNY","I ran into a friend."
3605.5,3607.7,"BLACK PANTHER","Masai, phone. Talk to these guys."
3610.6,3611.7,"WESLEY","Who's the baby killer?"
3612.4,3620.6,"JENNY","This is my good friend I told you about. This is Forrest Gump. Forrest, This is Wesley. Wesley and I live together in Berkeley, And he's the president of the Berkeley chapter of S.D.S."
3620.8,3622.3,"MASAI","Let me tell you something else."
3622.3,3635.4,"MASAI","We are here to offer protection and help for all of those who need our help, Because we, The Black Panthers, Are against the war in Vietnam. Yes, We are against any war where black soldiers are sent to the front line to die for a country that hates them. Yes, We are against any war where black soldiers go to fight and come to be brutalized and killed in their own communities as they sleep in their beds at night. Yes, We are against all these racists and imperial dog acts."
3623.7,3624.5,"WESLEY","I want to talk to you."
3624.4,3625.3,"JENNY","Okay, but..."
3625.1,3626.0,"WESLEY","No. Now! Goddammit!"
3656.6,3663.69,"JENNY","Forrest! Quit it! Quit it! Forrest! Stop it!"
3664.3,3665.1,"JENNY","Stop it!"
3671.7,3678.3,"WESLEY","Oh, God. I shouldn't have brought you here. I should have known it was just gonna be some bullshit hassle."
3680.4,3682.7,"FORREST","He should not be hitting you, Jenny."
3687.6,3688.7,"JENNY","Come on, Forrest."
3694.8,3698.0,"FORREST","Sorry I had a fight in the middle of your Black Panther party."
3701.3,3703.8,"JENNY","He doesn't mean it when he does things like this. He doesn't."
3703.8,3705.5,"FORREST","I would never hurt you, Jenny."
3707.8,3709.1,"JENNY","I know you wouldn't, Forrest."
3711.8,3714.6,"FORREST","I wanted to be your boyfriend."
3724.3,3731.0,"JENNY","That uniform is a trip, Forrest. You look handsome in it. You do."
3734.9,3735.6,"FORREST","You know what?"
3735.7,3736.4,"JENNY","What?"
3740.3,3742.9,"FORREST","I'm glad we were here together in our national capitol."
3745.4,3751.4,"JENNY","Me too, Forrest. I have so much to tell you, You won't believe what's been going on..."
3747.1,3751.8,"FORREST (V.O.)","We walked around all night, Jenny and me, Just talkin'."
3753.5,3756.7,"FORREST (V.O.)","She told me about all the travellin' She's done."
3756.8,3763.6,"FORREST (V.O.)","And how she'd discovered ways to expand her mind and learn how to live in harmony..."
3764.3,3768.8,"FORREST (V.O.)","...which must be out west somewhere, 'Cause she made it all the way to California."
3765.0,3765.001,"JENNY","(sings) ""Smile on your brother, Everybody get together, Try to love on another right now"
3771.1,3774.8,"YOUNG HIPPIE","Hey, Anybody want to go to San Francisco?"
3775.6,3776.3,"JENNY","I'll go."
3776.6,3777.5,"YOUNG HIPPIE","Far ot!!"
3778.9,3785.3,"FORREST (V.O.)","I was a very special night for the two of us. I didn't want it to end."
3786.2,3787.8,"FORREST","I wish you wouldn't go, Jenny."
3789.4,3790.7,"JENNY","I have to, Forrest."
3792.2,3805.9,"WESLEY","Jenny? Things got a little out of hand. It's just this war and that, That lyin' Son-of-a-bitch Johnson. I would never hurt you. You know that."
3809.0,3817.6,"FORREST","You know what I think? I think you should go home to Greenbow. Alabama!"
3827.4,3832.0,"JENNY","Forrest, We have very different lives, You know."
3841.4,3844.5,"FORREST","I want you to have this."
3848.9,3850.6,"JENNY","Forrest, I can't keep this."
3852.5,3856.8,"FORREST","I got it just by doing what you told me to do."
3858.6,3860.0,"JENNY","Why're you so good to me?"
3862.2,3863.3,"FORREST","You're my girl."
3865.6,3867.1,"JENNY","I'll always be your girl."
3906.3,3910.7,"FORREST (V.O.)","And just like that, She was gone out of my life again."
3912.4,3919.2,"NEIL ARMSTRONG","That's one small step for man, One giant leap for mankind. The, Uh, The surface is fine and powdery. I can, I can pick it up loosely."
3924.7,3939.2,"FORREST (V.O.)","I thought I was going back to Vietnam, But instead, They decided the best way for me to fight communists was to play ping-pong. So I was in the Special Services, Traveling around the country cheering up all them wounded veterans and showing them how to play..."
3938.4,3941.9,"FORREST","...ping-pong. I was so good that some years later..."
3941.9,3958.0,"FORREST (V.O.)","...the Army decided I should be on the All-American Ping-Pong Team. We were the first Americans to visit the land of China in like a million years or something like that, And somebody said that world peace was in our hands. But all I did was play ping-pong. When I got home..."
3958.4,3962.5,"FORREST","...I was national celebrity. Famouser even than Captain Kangaroo."
3963.0,3965.2,"DICK CAVETT","Here he is, Forrest Gump, righ here."
3971.8,3973.5,"DICK CAVETT","Mr. Gump, have a seat."
3975.9,3977.5,"DICK CAVETT","Forrest Gump, John Lennon."
3978.5,3979.2,"JOHN LENNON","Welcome home."
3978.9,3983.4,"DICK CAVETT","You had quite a trip. Can you, Uh, Tell us, Uh, What was China like?"
3986.0,3990.7,"FORREST","Well, In the land of China, People hardly got nothing at all."
3991.3,3992.4,"JOHN LENNON","No possessions?"
3995.3,3998.7,"FORREST","And in China, they never go to church."
3999.7,4000.8,"JOHN LENNON","No religion, Too?"
4001.3,4004.2,"DICK CAVETT","Oh. Hard to imagine."
4004.6,4006.3,"JOHN LENNON","Well, it's easy if you try, Dick."
4008.0,4019.4,"FORREST (V.O.)","Some years later, That nice young man from England was on his way home to see his little boy and was signing some autographs. For no particular reason at all, Somebody shot him."
4022.7,4026.6,"LT. DAN","They gave you the Congressional Medal of Honor."
4027.7,4033.6,"FORREST","Now that's Lieutenant Dan. Lieutenant Dan!"
4034.0,4038.9,"LT. DAN","They gave you the Congressional Medal of Honor!"
4040.0,4041.5,"FORREST","Yes sir, they sure did."
4041.5,4055.4,"LT. DAN","They gave you an imbecile, A moron who goes on television and makes a fool out himself in front of the whole damn country, The Congressional Medal of Honor."
4055.8,4056.5,"FORREST","Yes, sir."
4059.0,4068.2,"LT. DAN","Well, Then, That's just perfect! Yeah, Well I just got one thing to say to that. Goddamn bless America."
4076.8,4077.7,"FORREST","Lieutenant Dan!"
4079.0,4087.1,"FORREST (V.O.)","Lieutenant Dan said he was living in a hotel. And because he didn't have no legs, He spent most of his time exercising his arms."
4089.5,4091.6,"LT. DAN","Take a right, take a right."
4094.5,4097.1,"TAXI DRIVER #1","Hey! Come on already!"
4095.3,4096.3,"LT. DAN","Ah!"
4096.8,4099.6,"FORREST","What are you doing here in New York, Lieutenant Dan?"
4099.6,4104.899,"LT. DAN","I'm living off the government tit. Sucking it dry."
4105.0,4109.6,"LT. DAN","Hey! Hey! Hey! Are you blind? I'm walking here! Ah, Get out..."
4106.2,4109.899,"TAXI DRIVER #2","Why don't you go home before you kill yourself? Get out of the way!"
4110.5,4111.8,"LT. DAN","Come on, go! Go! Go!"
4118.0,4121.7,"FORREST (V.O.)","I stayed with Lieutenant Dan and celebrated the holidays."
4125.899,4128.2,"BOB HOPE","You have a great year and hurry home. God bless you."
4132.2,4134.6,"LT. DAN","Have you found Jesus yet, Gump?"
4136.3,4138.5,"FORREST","I didn't know I was supposed to be looking for him, Sir."
4146.1,4151.399,"LT. DAN","That's all these cripples, Down at the V.A., That's all they ever talk about."
4152.8,4176.2,"LT. DAN","Jesus this and Jesus that. Have I found Jesus? They even had a priest come and talk to me. He said God is listening, But I have to help myself. Now, If I accept Jesus into my heart, I'll get to walk beside him in the Kingdom of Heaven."
4176.2,4189.6,"LT. DAN","Did you hear what I said? Walk beside him in the Kingdom of Heaven. Well, Kiss my crippled ass. God is listening. What a crock of shit."
4193.1,4194.9,"FORREST","I'm going to heaven, Lieutenant Dan."
4197.3,4212.2,"LT. DAN","Huh? Ah, Well, Before you go, Why don't you get your ass down to the corner and get us another bottle of wwine."
4212.2,4212.7,"FORREST","Yes, sir."
4213.1,4220.5,"DICK CLARK","We are at approximately 45th Street in New York City at One Astor Plaza. This is the site of the old Astor Hotel. Down below us, Well over a hundred thousand people are milling about, Cheering with horns and whistles and hats..."
4219.6,4222.0,"LT. DAN","What the hell's in Bayou La Batre?"
4222.0,4223.0,"FORREST","Shrimpin' boats."
4223.5,4226.2,"LT. DAN","Shrimpin' Boats? Who gives a shit about shrimpin' Boats?"
4226.7,4241.5,"FORREST","I gotta buy me one of them shrimpin' Boats as soon as I have some money. I made me a promise to Bubba in Vietnam, That as soon as the war was over, We'd go in partners. He'd be the captain of the shrimpin' Boat and I'd be his first mate. But now that he's dead, That means that I gotta be the captain."
4242.0,4243.4,"LT. DAN","A shrimp boat captain."
4243.6,4246.8,"FORREST","Yes, Sir. A promise is a promise, Lieutenant Dan."
4248.7,4262.6,"LT. DAN","Now hear this! Private Gump here is gonna be a shrimp boat captain. Well, I tell you what, Gilligan, The day that you are a shrimp boat captain, I will come and be your first mate."
4263.2,4268.0,"LT. DAN","If you're ever a shrimp boat captain, That's the day I'm an astronaut."
4263.3,4263.2,"FORREST","Okay."
4268.0,4270.0,"LENORE","Danny, what are you complaining about?"
4270.3,4272.3,"CARLA","What are you doing, huh?"
4271.6,4274.2,"LENORE","Mr. Hot Wheels. Who's your friend?"
4274.5,4276.4,"FORREST","My name is Forrest, Forrest Gump."
4277.6,4281.6,"LT. DAN","This is Cunning Carla, And Long-Limbs Lenore."
4282.8,4291.3,"CARLA","So where you been, Baby-cakes, Huh? Haven't seen you around lately. You know, You should have been here for Christmas 'cause Tommy bought a round on the house and gave everybody a turkey sandwich."
4290.3,4293.6,"LT. DAN","Well, well, I had, uh, company."
4293.9,4297.3,"LENORE","Hey, Hey! We was, We was just there. That's at Times Square."
4298.1,4301.8,"LENORE","Don't you just love New Year's? You get to start all over."
4302.2,4302.201,"CARLA","Hey, Lenore."
4302.7,4304.2,"LENORE","Everybody gets a second chance."
4305.3,4309.9,"FORREST (V.O.)","It's funny, But in the middle of all that fun, I began to think about Jenny."
4308.3,4308.301,"DICK CLARK","(on television) ...Getting wild out there. It's beginning to..."
4311.0,4311.001,"DICK CLARK","(over television) ...Pour here in Times Square. It's been off-and-on all night, But these people hang in there."
4311.0,4314.9,"FORREST (V.O.)","Wondering how she was spending her New Year's night out in California."
4335.9,4342.6,"CROWD","(over television)"
4343.0,4345.9,"CROWD","(over television) ...1! Happy New Year!"
4355.0,4355.001,"PATRONS","(sing) ""Should auld acquaintance be forgot and never brought to mind..."
4362.6,4364.9,"FORREST","Happy New Year, Lieutenant Dan!"
4364.1,4364.101,"PATRONS","(sing) Should auld acquaintance be forgot and days of auld lang syne."
4374.1,4378.1,"ANCHORMAN","The U.S. Ping-Pong Team met with President Nixon today at an Oval Office ceremony..."
4377.6,4378.9,"FORREST (V.O.)","And wouldn't you know it..."
4379.2,4390.9,"FORREST","...a few months later they invited me and the ping-pong team to visit the White House. So I went again. And I met the President of the United States again."
4391.5,4394.6,"FORREST (V.O.)","Only this time they didn't get us rooms in a real fancy hotel."
4394.3,4397.1,"PRESIDENT NIXON","So are you enjoying yourself in our national capital, Young man?"
4397.6,4398.1,"FORREST","Yes, sir."
4398.1,4399.3,"PRESIDENT NIXON","Well, where are you staying?"
4400.6,4402.3,"FORREST","It's called the Hotel Ebbott."
4402.7,4409.2,"PRESIDENT NIXON","Oh, No, No, No, No. I know of a much nicer hotel. It's brand-new. Very modern. I'll have my people take care of it for you."
4408.7,4410.0,"SECURITY GUARD","Security, Frank Wills."
4410.1,4421.8,"FORREST","Yeah, Sir, You might want to send a maintenance man over to that office across the way. The lights are off, And they must be looking for the fuse box or something, 'Cause them flashlights they're, They're keeping me awake."
4421.8,4423.3,"SECURITY GUARD","Okay, sir. I'll check it out."
4423.4,4424.2,"FORREST","Thank you."
4424.1,4425.0,"SECURITY GUARD","No problem."
4425.0,4426.6,"FORREST","Good night."
4425.9,4425.901,"SECURITY GUARD","Good night."
4430.4,4434.8,"PRESIDENT NIXON","Therefore, I shall resign the Presidency effective at noon tomorrow."
4435.6,4442.3,"PRESIDENT NIXON","Vice President Ford will be sworn in as President at that hour in this office. As I recall the high hopes for America with which we began this second term, I feel a great sadness that I will not be here in this office..."
4453.0,4453.6,"OFFICER","Sergeant Gump!"
4454.9,4455.8,"FORREST","Yes, sir!"
4456.0,4460.7,"OFFICER","As you were. I have your discharge papers. Your service is up, Son."
4463.4,4465.3,"FORREST","Does this mean I can't play ping pong no moe??"
4466.1,4467.9,"OFFICER","For the Army it does."
4470.5,4481.3,"FORREST (V.O.)","And just like that, My service in the United States Army was over. So I went home."
4502.7,4503.5,"FORREST","I'm home, Momma."
4504.5,4506.2,"MRS. GUMP","I know, I know."
4507.4,4510.5,"MRS. GUMP","Louise, He's here. He's here, Everybody."
4508.0,4513.3,"FORREST (V.O.)","Now, When I got home, I had no idea that Momma had had all sorts of visitors."
4512.9,4524.9,"MRS. GUMP","We've had all sorts of visitors, Forrest. Everybody wants you to use their ping-pong stuff. One man even left a check for twenty-five thousand dollars if you'd be agreeable to saying you like using their aaddle."
4525.5,4529.0,"FORREST","Oh, Momma. I only like using my own paddle. Hi, Miss Louise."
4529.2,4530.1,"LOUISE","Hey, Forrest."
4530.2,4543.4,"MRS. GUMP","I know that. I know that. But it's twenty-five thousand dollars, Forrest. I thought maybe you could hold it for a while, See if it grows on you. Oh, You look good, Forrest. You look real good."
4540.2,4544.5,"FORREST (V.O.)","That Momma, She sure was right. It's funny how things work out."
4544.8,4555.3,"FORREST (V.O.)","I didn't stay home for long, Because I'd made a promise to Bubba. And I always try to keep my promise. So I went on down to Bayou La Batre to meet Bubba's family and make their introduction."
4555.3,4559.1,"MRS. BLUE","Are you crazy, or just plain tuupid?"
4559.6,4561.5,"FORREST","Stupid is as stupid does, Mrs. Blue."
4561.8,4562.7,"MRS. BLUE","I guess."
4564.1,4567.5,"FORREST (V.O.)","And of course, I paid my respect to Bubba himself."
4569.5,4579.5,"FORREST","Hey, Bubba, It's me, Forrest Gump. I remember everything you said, And I got it all figured out."
4581.5,4588.6,"FORREST","I'm taking the twenty-four thousand, Five hundred and six-two dollars and forty-seven cents that I got..."
4589.0,4597.8,"FORREST (V.O.)","...well, That's left after a new hair cut and a new suit and I took Momma out to real fancy dinner and I bought a bus ticket and three Doctor Peppers."
4598.2,4602.3,"OLD SHRIMPER","Tell me something. Are you stupid or something?"
4602.9,4604.6,"FORREST","Stupid is as stupid does, sir"
4604.9,4628.7,"FORREST","Well, That's what's left after me saying, ""When I was in China on the All-America Ping-Pong Team, I just loved playing ping-pong with my Flex- O-Ping-Pong Paddle."" Which everybody knows it isn't true, But Momma says it's just a little white lie so it wouldn't hurt nobody. So, Anyway, I'm putting all that on gas, Ropes and new nets and a brand-new shrimpin' Boat."
4649.6,4658.8,"FORREST (V.O.)","Now, Bubba had told me everything he knows about shrimpin', But you know what I found out? Shrimpin' Is tough."
4661.0,4662.5,"FORREST","I only caught five"
4662.8,4664.8,"OLD SHRIMPER","A couple of more, You can have yourself a cocktail."
4669.2,4673.3,"OLD SHRIMPER","Hey, You ever think about namin' This old boat?"
4675.9,4680.7,"FORREST (V.O.)","I'd never named a boat before, But there was only one I could think of."
4681.7,4685.0,"FORREST (V.O.)","The most beautiful name in the wide world."
4695.7,4699.0,"GIRL","Okay."
4705.0,4708.0,"FORREST (V.O.)","Now, I hadn't heard from Jenny in a long while. But..."
4707.8,4713.2,"FORREST (V.O.)","But I thought about her a lot. And I hoped that whatever she was doing made her happy."
4815.5,4817.9,"FORREST (V.O.)","I thought about Jenny all the time."
4841.7,4842.2,"FORREST","Hi !"
4865.7,4868.9,"FORREST","Lieutenant Dan, What are you doing here?"
4870.2,4872.9,"LT. DAN","Well, I thought I'd try out my sea legs."
4874.0,4876.3,"FORREST","Well, You ain't got no legs, Lieutenant Dan."
4877.6,4881.4,"LT. DAN","Yes I know that. You wrote me a letter you Idiot."
4882.4,4899.0,"LT. DAN","Well, Well, Captain Forrest Gump. I had to see this for myself. And I told you if you were ever a shrimp boat captain, That I'd be your first mate. Well, Here I am. I am a man of m word."
4899.3,4900.0,"FORREST","Okay."
4900.6,4904.5,"LT. DAN","Yeah, But don't you be thinking that I'm gonna be calling you sir."
4904.5,4905.2,"FORREST","No, Sir."
4914.3,4915.5,"FORREST","That's my boat."
4918.9,4928.2,"LT. DAN","I have a feeling if we head the east, We'll find some shrimp. So, Take a left. Take a left"
4928.5,4929.3,"FORREST","Which way?"
4930.1,4935.5,"LT. DAN","Over there! They're over there! Get, Get on the wheel and take a left!"
4935.5,4936.6,"FORREST","Okay."
4938.2,4950.8,"LT. DAN","Gump, What are you doing? Take a left! Left! That's where we're gonna find those shrimp, My boy! That's where we'll find 'em."
4962.9,4964.8,"FORREST","Still no shrimp, Lieutenant Dan."
4964.9,4966.6,"LT. DAN","Okay, so I waswwrong."
4967.7,4969.3,"FORREST","Well, how we gonna find them?"
4971.0,4973.3,"LT. DAN","Well, Maybe you should just pray for shrimp."
4979.6,4981.8,"FORREST (V.O.)","So I went to church every Sunday..."
4983.3,4988.5,"FORREST (V.O.)","Sometimes Lieutenant Dan came, Too. Though I think he left the praying up to me."
5003.1,5003.9,"FORREST","No shrimp."
5005.6,5007.2,"LT. DAN","Where the hell's this God of yours?"
5008.1,5013.8,"FORREST (V.O.)","It's funny Lieutenant Dan said that, 'Cause right then, God showed up."
5029.9,5033.3,"LT. DAN","You'll never sink this boat"
5031.7,5037.5,"FORREST (V.O.)","Now me, I was scared. But Lieutenant Dan, He was mad."
5037.7,5043.6,"LT. DAN","Come on! You call this a storm?"
5044.5,5062.6,"LT. DAN","Blow, You son-of-a-bitch! Blow! It's time for a showdown! You and me. I'm right here. Come and get me! You'll never sink this boat"
5064.4,5066.9,"ANCHORMAN","(over television) Hurricane Carmen came through here yesterday..."
5066.5,5074.0,"ANCHORMAN","...destroying nearly everything in its path. And as in other towns up and down the coast, Bayou La Batre's entire shrimping industry..."
5074.0,5084.3,"ANCHORMAN","...has fallen victim to Carmen and has been left in utter ruin. Speaking with local officials, This reporter has learned, In fact, Only one shrimping boat actually survived the storm."
5084.7,5086.8,"MRS. GUMP","Louise. Louise, There's Forrest!"
5087.8,5090.1,"FORREST (V.O.)","After that, shrimpin' was easy"
5095.0,5099.3,"FORREST (V.O.)","And since people still needed them shrimps for shrimp cocktails and barbecues and all..."
5099.7,5117.1,"FORREST","...and we were the only boat left standing ""Bubba-Gump"" Shrimp's what they got. We got a whole bunch of boats. Twelve Jenny's, A big ol' Warehouse, We even have hats that says ""Bubba-Gump"" On 'em. ""Bubba- Gump Shrimp."" It's a household name."
5117.1,5123.0,"MAN","Hold on there, Boy. Are you telling me you're the owner of the Bubba- Gump Shrimp Corporation?"
5123.4,5125.9,"FORREST","Yes, Sir. We've got more money than Davy Crocket."
5127.8,5136.7,"MAN","Boy, I've heard some whoppers in my time, But that tops them all. We was sitting next to a millionaire!"
5140.1,5149.2,"ELDERLY WOMAN","Well, I thought it was a very lovely story. And you tell it so well. With such enthusiasm."
5151.2,5153.3,"FORREST","Would you like to see what Lieutenant Dan looks like?"
5153.6,5155.1,"ELDERLY WOMAN","Well, yes, I would!"
5160.3,5161.9,"FORREST","That's him right there."
5164.3,5166.4,"FORREST","And let me tell you something about Lieutenant Dan."
5167.5,5177.3,"LT. DAN","Forrest, I never thanked you for saving my life."
5201.6,5207.7,"FORREST (V.O.)","He never actually said so, But I think he made his peace with God."
5215.5,5217.9,"FORREST","Didn't you say you were waiting for the Number Seven bus?"
5217.9,5220.4,"ELDERLY WOMAN","There'll be another one along shortly"
5224.1,5237.4,"FORREST","Now, Because I had been a football star, And a war hero, And a national celebrity, And a shrimpin' Boat captain, And a college graduate, The city of fathers of Greenbow, Alabama, Decided to get together and offered me a fine job."
5238.9,5241.5,"FORREST (V.O.)","So, I never went back to work for Lieutenant Dan."
5242.5,5252.9,"FORREST (V.O.)","Though he did take care of my Bubba- Gump money. He got me invested in some kind of fruit company. And so then I got a call from him saying we don't have to worry about money no more."
5252.9,5257.0,"FORREST","And I said, ""That's good. One less thing."
5259.8,5262.9,"FORREST (V.O.)","Now, Momma said there's only so much fortune a man really needs..."
5264.1,5270.9,"FORREST (V.O.)","...and the rest is just for showing off. So, I gave a whole bunch of it to the Four Square Gospel Church."
5265.9,5267.1,"REVEREND","Praise the Lord."
5273.3,5277.3,"FORREST (V.O.)","And I gave a whole bunch to the Bayou La Batre Fishing Hospital."
5279.8,5286.7,"FORREST (V.O.)","And even though Bubba was dead, And Lieutenant Dan said I was nuts. I gave Bubba's mommy Bubba's share."
5290.8,5291.9,"FORREST","And you know what..."
5293.5,5296.6,"FORREST (V.O.)","She didn't have to work in nobody's kitchen no more."
5296.8,5297.9,"MRS. BLUE","Smells wonderful!"
5299.1,5306.1,"FORREST (V.O.)","And 'cause I was godzillionaire and I liked doing it so much. I cut that grass fo ffree."
5308.7,5316.4,"FORREST (V.O.)","But at nighttime, When there was nothing to do and the house was all empty, I'd always think of Jenny."
5378.2,5381.3,"FORREST (V.O.)","And then, She was there."
5412.9,5413.9,"JENNY","Hello, Forrest."
5415.0,5416.1,"FORREST","Hello, Jenny."
5427.1,5429.4,"FORREST (V.O.)","Jenny came back and stayed with me"
5431.1,5445.5,"FORREST (V.O.)","Maybe it was because she had nowhere else to go. Or maybe it was because she was so tired, Because she went to bed and slept and slept like she hadn't slept in years. It was wonderful having her home."
5446.9,5461.4,"FORREST (V.O.)","Every day we'd take a walk, And I'd jabber on like a monkey in a tree. And she'd listen about ping-pong and shrimpin' Boats and Momma makin' A trip to heaven. I did all the talkin'. Jenny most of the time was real quiet."
5457.5,5461.2,"FORREST","...big ol' Gobs of rain and little bitty stinging rain and rain..."
5464.8,5473.3,"FORREST (V.O.)","I never really knew why she came back, But I didn't care. It was like olden times. We was like peas and carrots again."
5475.4,5478.9,"FORREST (V.O.)","Every day I'd pick pretty flowers and put them in her room for her."
5481.1,5484.4,"FORREST (V.O.)","And she gave me the best gift anyone could ever get in the wide world."
5481.4,5482.7,"JENNY","Okay, you can open your eyes"
5483.7,5485.2,"FORREST","New shoes."
5485.3,5486.7,"JENNY","They make them just for running."
5492.3,5507.5,"FORREST (V.O.)","And she even showed me how to dance. And, Well, We was like family... Jenny and me."
5510.7,5513.1,"FORREST (V.O.)","And it was the happiest time of my life."
5532.3,5538.0,"ANNOUNCER","(over television) And this Fourth is witnessing one of the largest fireworks displays in the nation's two-hundred year history..."
5537.1,5538.1,"JENNY","You done watching it?"
5538.2,5544.4,"ANNOUNCER","(over television) ...Here in New York Harbor. After the spectacular display of tall ships earlier, The Statue of Liberty..."
5539.2,5539.9,"FORREST","Mm-hmm."
5540.0,5540.9,"JENNY","I'm going to bed."
5551.6,5560.5,"FORREST","Will you marry me? I'd make a good husband, Jenny."
5563.6,5564.7,"JENNY","You would, Forrest."
5567.4,5569.1,"FORREST","But you won't marry me."
5571.6,5573.1,"JENNY","You don't want to marry me."
5577.3,5589.7,"FORREST","Why don't you love me, Jenny? I'm not a smart man, But I know what love is."
5625.9,5626.5,"FORREST","Jenny?"
5628.9,5631.0,"JENNY","Forrest, I do love you."
5682.4,5683.7,"CAB DRIVER","Where are you running off to?"
5684.8,5686.0,"JENNY","I'm not running."
5773.6,5778.0,"FORREST (V.O.)","That day, For no particular reason, I decided to go for a little run."
5779.8,5785.9,"FORREST (V.O.)","So I ran to the end of the road, And when I got there, I thought maybe I'd run to the end of town."
5785.9,5789.9,"NEWSCASTER","President Carter, Suffering from heat exhaustion fell into the arms of security agents."
5789.1,5790.9,"FORREST (V.O.)","And when I got there..."
5790.9,5799.2,"FORREST (V.O.)","...I thought maybe I'd just run across Greenbow County. And I figured since I run this far, Maybe I'd just run across the great..."
5798.7,5803.5,"FORREST (V.O.)","...state of Alabama. And that's what I did I ran clear across Alabama."
5805.1,5810.8,"FORREST","For no particular reason, I just kept on going. I ran clear to the ocean."
5816.6,5822.1,"FORREST (V.O.)","And when I got there, I figured since I'd gone this far, I might as well turn around, Just keep on going."
5826.6,5834.8,"FORREST (V.O.)","When I got to another ocean, I figured since I've gone this far, I might as well just turn back, Keep right on going."
5837.1,5841.2,"FORREST (V.O.)","When I got tired, I slept. When I got hungry, I ate"
5842.0,5847.0,"FORREST","When I had to go, you know, I went."
5847.5,5850.6,"ELDERLY WOMAN","And so, you just ran?"
5852.3,5852.8,"FORREST","Yeah."
5887.1,5898.6,"FORREST (V.O.)","I'd think a lot about Momma and Bubba, And Lieutenant Dan, But most of all, I thought about Jenny. I thought about her a lot."
5900.5,5908.0,"NEWSCASTER","For more than two years now, A man named Forrest Gump, A gardener from Greenbow, Alabama, Stopping only to sleep, Has been running across America."
5908.9,5910.8,"NEWSCASTER","Charles Cooper brings us this report."
5911.6,5918.9,"NEWSMAN","For the fourth time on his journey across America, Forrest Gump, A gardener from Greenbow, Alabama, Is about to cross the Mississippi River again today."
5920.2,5922.2,"JENNY","I'll be damned. Forrest..."
5921.3,5922.2,"NEWSMAN","Sir, why are you running?"
5922.3,5923.3,"1ST REPORTER","Why are you running?"
5923.3,5925.2,"2ND REPORTER","Are you doing this for world peace?"
5925.0,5926.5,"REPORTER X","Are you doing this for the homeless?"
5926.5,5928.1,"3RD REPORTER","Are you doing this for women's right?"
5928.2,5929.2,"NEWSMAN","Or for the environment?"
5929.3,5930.2,"REPORTER","Or for animals?"
5930.2,5930.201,"3RD REPORTER","Or for nuclear arms?"
5930.3,5934.2,"FORREST (V.O.)","They just couldn't believe that somebody would do all that running for no particular reason."
5934.6,5935.8,"2ND REPORTER","Why are you doing this?"
5936.5,5938.2,"FORREST","I just felt like running."
5939.1,5939.9,"FORREST","I just felt like running."
5941.5,5944.9,"YOUNG MAN","It's you. I can't believe it's really you."
5945.4,5950.6,"FORREST","Now, For some reason what I was doing seemed to make sense to people."
5950.5,5960.1,"YOUNG MAN","I mean, It was like an alarm went off in my head, You know. I said, Here's a guy that's got his act together. Here's somebody who's got it, All figured out. Here's somebody who has the answer. I'll follow you anywhere, Mr. Gump."
5960.3,5962.0,"FORREST (V.O.)","So, I got company."
5964.1,5966.0,"FORREST (V.O.)","And after that I got more company. And then..."
5967.8,5973.2,"FORREST (V.O.)","...even more people joined in. Somebody later told me..."
5973.2,5980.1,"FORREST","...it gave people hope. Now... Now, I don't know anything about that, But..."
5980.6,5983.2,"FORREST (V.O.)","Some of those people asked me if I could help them out."
5983.4,5998.7,"AGING HIPPIE","AGING HIPPIE Hey, Man, Hey, Listen. I was wondering if you might help me, Huh? Listen, I'm in the bumper sticker business and I've been trying to think up a good slogan. And since you have been such a big inspiration to the people around here, I thought you might be able to help me jump into... Whoa! Man, You just ran through a big pile of dogshit!"
6000.2,6001.2,"FORREST","It happens."
6001.0,6003.1,"AGING HIPPIE","What, shit?"
6004.0,6005.0,"FORREST","Sometimes."
6007.8,6012.2,"FORREST (V.O.)","And some years later I heard that fella did come up with a bumper sticker slogan..."
6012.2,6014.1,"FORREST (V.O.)","...and he make a lot of money off of it."
6016.5,6026.8,"FORREST (V.O.)","Another time I was running along, Somebody who had lost all his money in the T-shirt business, And he wanted to put my face on a T-shirt, But he couldn't draw that well and he didn't have a camera."
6018.9,6018.901,"WILD-EYED MAN","I think it would be really fortunate for me if I could get your name on these, Oh, Your face and name on these T-shirts. It would be woneerful."
6026.8,6030.2,"WILD-EYED MAN","Here, Use this one. Nobody likes that color anyway."
6035.0,6036.0,"FORREST","Have a nice day."
6038.3,6045.2,"FORREST (V.O.)","And some years later I found out that that man did come up with a idea for a T-shirt and he made a lot of money off of it."
6048.1,6071.6,"FORREST (V.O.)","Anyway, Like I was saying, I had a lot of company. My Momma always said you got to put the past behind you before you can move on. And I think that's what my running was all about. I had run for three years, Two months, Fourteen days, And sixteen hours."
6085.6,6087.8,"YOUNG MAN","Quiet. Quiet, He's gonna say something."
6099.1,6105.6,"FORREST","I'm pretty tired. I think I'll go home now."
6123.4,6124.7,"YOUNG MAN","Now what are we supposed to do?"
6126.6,6133.9,"FORREST (V.O.)","And just like that, My running days was over. So, I went home to Alabama."
6135.0,6138.0,"NEWSCASTER","(over television) Moments ago, At two twenty-five p.m., As President Reagan was leaving the Washington Hilton Hotel..."
6140.5,6149.5,"NEWSCASTER","...five or six gunshots were fired by an unknown would-be assassin. The President was shot in the chest and the assailant was immediately tackled by a half a dozen lawmen. As the Presidential..."
6147.5,6148.8,"LOUISE","I picked up the mail."
6150.1,6153.7,"FORREST (V.O.)","One day, Out of the blue clear sky, I got a letter from Jenny..."
6153.9,6173.6,"FORREST","...wondering if I could come down to Savannah to see her, And that's what I'm doing here. She saw me on TV, Running, I'm supposed to go on the Number Nine bus to Richmond Street and get off and go one block left to 1-9-4-7 Henry Street, Apartment 4."
6174.0,6182.2,"ELDERLY WOMAN","Why, You don't need to take a bus. Henry Street is just five or six blocks down that way."
6183.7,6184.4,"FORREST","Down that way?"
6184.3,6185.4,"ELDERLY WOMAN","Down that way."
6188.8,6189.8,"FORREST","It was nice talking' to you."
6191.6,6193.8,"ELDERLY WOMAN","I hope everything works out for you."
6201.7,6206.6,"JENNY","Hey! Forrest! How you doing?"
6205.9,6205.901,"FORREST","Hi."
6207.2,6208.4,"JENNY","Come in. Come in."
6208.7,6209.8,"FORREST","I got your letter."
6209.8,6211.5,"JENNY","Oh, I was wondering about that."
6213.9,6215.0,"FORREST","Is this your house?"
6215.6,6218.2,"JENNY","Yeah, It's messy right now. I just got off work."
6218.7,6222.4,"FORREST","It's nice. You got air conditioning."
6225.7,6226.3,"FORREST","Ah..."
6229.1,6229.9,"JENNY","Thank you."
6229.9,6231.7,"FORREST","I ate some."
6233.6,6243.2,"JENNY","Hey, I kept, I kept a scrapbook of your, Of your clippings and everything. There you are. This, I got your running."
6246.0,6250.0,"FORREST","I ran a long way. For a long time."
6252.5,6275.5,"JENNY","There. Listen, Forrest. I don't know how to say this. Um, I just... I want to apologize for anything that I ever did to you, 'Cause I was messed up for a long time, And..."
6277.1,6277.101,"LYNN MARIE","Yoo-hoo."
6278.0,6278.6,"JENNY","Hey."
6278.4,6279.2,"LYNN MARIE","Hi."
6279.7,6283.3,"JENNY","Hey, You. This is an old friend from Alabama"
6283.4,6284.7,"LYNN MARIE","Oh, how do you do?"
6284.7,6287.5,"JENNY","Ah, Listen, Next week my schedule changes, So I'll be able to... But thanks for picking up."
6287.7,6290.3,"LYNN MARIE","No problem. Got to go, Jen. I'm double parked."
6289.9,6291.0,"JENNY","Okyy."
6290.3,6290.7,"LYNN MARIE","Be.."
6290.6,6297.7,"JENNY","Thanks. This is very good friend, Mr. Gump. Can you say hi o him?"
6297.5,6298.7,"LITTLE BOY","Hello, Mr. Gump."
6299.4,6300.0,"FORREST","Hello."
6300.2,6301.7,"LITTLE BOY","Now, can I go watch TV now?"
6302.0,6303.6,"JENNY","Yes, you can. Just keep it low."
6306.2,6307.6,"FORREST","You're a momma, Jenny."
6308.1,6313.4,"JENNY","I'm a momma. His name is Forrest."
6315.1,6315.9,"FORREST","Like me."
6317.8,6319.2,"JENNY","I named him after his Daddy."
6320.9,6322.9,"FORREST","He got a daddy named Forrest, too?"
6324.5,6325.7,"JENNY","You're his daddy, Forrest."
6340.4,6353.0,"JENNY","Hey, Forrest, Look at me. Look at me, Forrest. There's nothing you need to do, Okay? You didn't do anything wrong. Okay?"
6357.9,6358.7,"JENNY","Isn't he beautiful?"
6360.6,6374.2,"FORREST","He's the most beautiful thing I've ever seen. But... Is, Is he smart, Or i he..."
6374.5,6378.4,"JENNY","He's very smart. He's one of the smartest in his class."
6387.3,6389.1,"JENNY","Yeah, it's okay. Go talk to him."
6391.1,6391.101,"BERT","Oh, great."
6392.1,6392.101,"ERNIE","Hey, Bert, can you give me a hand?"
6393.8,6393.801,"BERT","A hand? Well, Yeah, What do you want, Ernie?"
6398.7,6399.8,"FORREST","What are you watching."
6400.0,6401.0,"FORREST JR.","Bert and Ernie."
6400.7,6400.701,"ERNIE","Well, It's the first stage. Bert. It's planning to write a story, Bert. I have pencils right here to write with, Bert. Now, We got, Uh, Paper. I'll take that paper, Bert. See, We have the paper to write on."
6423.5,6427.5,"JENNY","Forrest, I'm sick."
6430.7,6432.5,"FORREST","What, Do you have a cough due to cold?"
6434.2,6441.1,"JENNY","I have some kind virus. And the doctors don't, They don't know what it is. And there isn't anything they can do about it."
6446.4,6461.8,"FORREST","You could come home with me. Jenny, You and little Forrest could come stay at my house in Greenbow. I'll take care of you if you're sick."
6464.7,6466.2,"JENNY","Would you marry me, Forrest?"
6472.0,6472.9,"FORREST","Okay."
6474.0,6474.001,"MINISTER","Please take your seats."
6479.5,6481.9,"LOUISE","Forrest, It's time to start."
6500.4,6503.6,"JENNY","Hi. Your tie."
6516.1,6517.4,"FORREST","Lieutenant Dan? Lieutenant Dan!"
6532.2,6533.6,"FORREST","Lieutenant Dan!"
6534.9,6536.1,"LT. DAN","Hello, Forrest."
6537.2,6540.1,"FORREST","You got new legs. New legs!"
6540.9,6542.7,"LT. DAN","Yeah, I got new legs."
6543.5,6548.7,"LT. DAN","Custom-made titanium alloy. It's what they use on the space shuttle."
6553.0,6554.2,"FORREST","Magic legs."
6556.3,6560.5,"LT. DAN","This is my fiancee, Susan."
6562.9,6564.2,"FORREST","Lieutenant Dan!"
6565.6,6566.7,"SUSAN","Hi, Forrest."
6568.2,6571.2,"FORREST","Lieutenant Dan, this is my Jenny."
6571.9,6574.9,"JENNY","Hey, it's nice to meet you, finally."
6584.6,6599.1,"MINISTER","Do you, Forrest, Take Jenny to be your wife? Do you, Jenny, Take Forrest to be your husband? If so, I pronounce you man and wife."
6628.5,6629.1,"JENNY","Hey."
6629.7,6630.2,"FORREST","Hey."
6643.3,6651.5,"JENNY","Hey, Forrest, Were you scared in Vietnam?"
6653.4,6657.6,"FORREST","Yes. Well, I, I don't know"
6659.4,6676.0,"FORREST (V.O.)","Sometimes it would stop raining long enough for the stars to come out. And then it was nice. It was like just before the sun goes to bed down on the bayou..."
6677.2,6684.0,"FORREST (V.O.)","There was over a million sparkles on the water. Like that mountain lake."
6685.0,6695.9,"FORREST (V.O.)","It was so clear, Jenny. It looks like there were two skies, One on top of the other. And then in the desert, When the sun comes up..."
6698.8,6707.9,"FORREST (V.O.)","I couldn't tell where heavens stopped and the earth began. It was so beautiful."
6713.1,6715.0,"JENNY","I wish I could have been there with you."
6719.0,6719.9,"FORREST","You were."
6730.7,6731.5,"JENNY","I love you."
6736.3,6738.5,"FORREST (V.O.)","You died on a Saturday morning."
6741.2,6744.6,"FORREST","And I had you placed here under our tree."
6749.3,6754.3,"FORREST","And I had that house of your father's bulldozed to the ground."
6758.0,6758.5,"FORREST (V.O.)","Momma..."
6760.7,6765.4,"FORREST","...always said dyin' Was a part of life."
6768.6,6777.6,"FORREST","I sure wish it wasn't. Little Forrest, He's doing just fin"
6778.3,6786.7,"FORREST JR.","(reading) ""But he wasn't quite sure. Everywhere they went, The new guests..."
6779.6,6788.0,"FORREST (V.O.)","About to start school again soon. I make his breakfast, Lunch, And dinner..."
6786.9,6800.2,"FORREST","...every day. I make sure he combs his hair and brushes his teeth every day. Teaching him how to play ping pong."
6802.3,6803.1,"FORREST","Okay..."
6803.4,6804.4,"FORREST (V.O.)","He's really good."
6804.5,6805.7,"FORREST","Forrest, you go."
6810.7,6811.7,"FORREST (V.O.)","We fish a lot."
6815.7,6838.3,"FORREST","And every night, We read a book. He's so smart, Jenny. You'd be so proud of him. I am. He, Uh, Wrote a letter, And he says I can't read it. I'm not supposed to, So I'll just leave it here for you."
6853.8,6915.31,"FORREST","Jenny, I don't know if Momma was right or if, If it's Lieutenant Dan. I don't know if we each have a destiny, Or if we're all just floating around accidental-like on a breeze, But I, I think maybe it's both. Maybe both is happening at the same time. I miss you, Jenny. If there's anything you need, I won't be far away."
6948.7,6949.8,"FORREST","Here's your bus. Okay."
6953.1,6956.1,"FORREST","Hey, I know this."
6956.5,6961.2,"FORREST JR.","I'm gonna show that for show-and- Tell because grandma used to read it to you."
6962.2,6963.4,"FORREST","My favorite book."
6967.3,6968.0,"FORREST","Well..."
6968.8,6972.7,"FORREST","...okay. Hey, there you go."
6978.1,6985.5,"FORREST","Hey, Forrest. Don't... I wanted to tell you I love you."
6986.3,6987.2,"FORREST JR.","I love you too, Daddy."
6989.3,6991.0,"FORREST","I'll be right here when you get back."
6996.3,6999.4,"SCHOOL BUS DRIVER","You understand this is the bus to school now, Don't you?"
6999.4,7002.6,"FORREST JR.","Of course, And you're Dorothy Harris and I'm Forrest Gump."
