306.0	311.0	char=MAN tags=la,pos arousal=-0.67 val_pos=0.67 val_neg=0.00
363.0	365.0	char=MRSGUMP tags=neg,other arousal=0.00 val_pos=0.00 val_neg=0.67
365.0	372.0	char=MRSGUMP tags=neg,other,verbal arousal=0.33 val_pos=0.00 val_neg=1.00
372.0	373.0	char=MRSGUMP tags=other,verbal arousal=0.00 val_pos=0.33 val_neg=0.33
418.0	420.0	char=FORRESTVO tags=la,pos,other arousal=-0.67 val_pos=0.67 val_neg=0.00
444.0	445.0	char=MAN tags=la,neg,other arousal=-0.67 val_pos=0.00 val_neg=0.67
479.0	496.0	char=MRSGUMP tags=neg,other arousal=0.00 val_pos=0.00 val_neg=0.67
508.0	510.0	char=MAN tags=la,pos,other arousal=-0.67 val_pos=0.67 val_neg=0.00
510.0	516.0	char=MAN tags=la,pos,other,verbal arousal=-0.67 val_pos=0.67 val_neg=0.00
515.0	516.0	char=MRSGUMP tags=la,neg,verbal arousal=-0.67 val_pos=0.00 val_neg=0.67
576.0	577.0	char=MRSGUMP tags=la,neg arousal=-0.67 val_pos=0.00 val_neg=0.67
596.0	598.0	char=MAN tags=la,pos,other,happiness,verbal arousal=-1.00 val_pos=1.00 val_neg=0.00
598.0	599.0	char=MAN tags=la,pos,other arousal=-0.67 val_pos=0.67 val_neg=0.00
632.0	634.0	char=MRSGUMP tags=neg,other,verbal arousal=0.00 val_pos=0.00 val_neg=0.67
634.0	637.0	char=MRSGUMP tags=la,neg,other,verbal arousal=-0.67 val_pos=0.00 val_neg=0.67
645.0	652.0	char=ELVISPRESLEY tags=pos,other arousal=0.00 val_pos=0.67 val_neg=0.00
654.0	658.0	char=FORRESTVO tags=la,pos,self,happiness arousal=-0.67 val_pos=0.67 val_neg=0.00
658.0	666.0	char=FORRESTVO tags=la,pos,self,happiness,verbal arousal=-1.00 val_pos=1.00 val_neg=0.00
666.0	669.0	char=FORRESTVO tags=pos,self,happiness,verbal arousal=0.00 val_pos=0.67 val_neg=0.00
714.0	716.0	char=MRSGUMP tags=pos,other,verbal arousal=0.00 val_pos=0.67 val_neg=0.00
743.0	750.0	char=WOMAN tags=la,pos,happiness,audio arousal=-0.67 val_pos=0.67 val_neg=0.00
755.0	756.0	char=BOY tags=la,neg,other,contempt,verbal arousal=-0.67 val_pos=0.00 val_neg=0.67
759.0	760.0	char=BOY tags=la,neg,other,contempt,verbal arousal=-0.67 val_pos=0.00 val_neg=0.67
768.0	770.0	char=BOY tags=la,neg,other,contempt,verbal arousal=-0.67 val_pos=0.00 val_neg=0.67
788.0	791.0	char=FORREST tags=la,pos,other,love,verbal arousal=-0.67 val_pos=0.67 val_neg=0.00
798.0	805.0	char=FORRESTVO tags=la,pos,other,love,verbal arousal=-1.00 val_pos=1.00 val_neg=0.00
809.0	813.0	char=FORREST tags=la,neg arousal=-0.67 val_pos=0.00 val_neg=0.67
826.0	832.0	char=FORRESTVO tags=la,pos,other,verbal arousal=-0.67 val_pos=0.67 val_neg=0.00
842.0	847.0	char=FORRESTVO tags=pos,other,verbal arousal=-0.33 val_pos=1.00 val_neg=0.00
847.0	850.0	char=FORRESTVO tags=pos arousal=0.00 val_pos=0.67 val_neg=0.00
850.0	865.0	char=FORRESTVO tags=pos,other,verbal arousal=-0.33 val_pos=1.00 val_neg=0.00
852.0	853.0	char=JENNY tags=pos arousal=0.00 val_pos=0.67 val_neg=0.00
853.0	854.0	char=JENNY tags=pos,other,verbal arousal=0.33 val_pos=1.00 val_neg=0.00
854.0	855.0	char=JENNY tags=ha,pos arousal=0.67 val_pos=0.67 val_neg=0.00
882.0	886.0	char=FORRESTVO tags=la,pos,other,love,verbal arousal=-1.00 val_pos=1.00 val_neg=0.00
887.0	893.0	char=FORREST tags=la,neg,self,sadness,narrator arousal=-0.67 val_pos=0.00 val_neg=0.67
893.0	899.0	char=FORREST tags=self arousal=0.00 val_pos=0.33 val_neg=0.33
902.0	903.0	char=BOY tags=neg,other,verbal arousal=0.00 val_pos=0.00 val_neg=0.67
905.0	907.0	char=BOY tags=neg,other,verbal arousal=0.00 val_pos=0.00 val_neg=0.67
909.0	910.0	char=JENNY tags=other,verbal arousal=0.00 val_pos=0.33 val_neg=0.33
911.0	914.0	char=JENNY tags=ha,other,verbal arousal=0.67 val_pos=0.33 val_neg=0.33
918.0	922.0	char=BOY tags=ha arousal=0.67 val_pos=0.33 val_neg=0.33
923.0	926.0	char=JENNY tags=ha,neg,other,fear,verbal arousal=1.00 val_pos=0.00 val_neg=1.00
926.0	927.0	char=JENNY tags=ha,neg,other,verbal arousal=0.67 val_pos=0.00 val_neg=0.67
928.0	930.0	char=BOY tags=verbal arousal=0.00 val_pos=0.33 val_neg=0.33
943.0	946.0	char=JENNY tags=pos,other,verbal arousal=0.33 val_pos=0.67 val_neg=0.33
946.0	947.0	char=JENNY tags=ha,other,verbal arousal=0.67 val_pos=0.33 val_neg=0.33
982.0	991.0	char=FORREST tags=pos,self arousal=0.00 val_pos=0.67 val_neg=0.00
992.0	993.0	char=BOY tags=neg,other,verbal arousal=0.00 val_pos=0.00 val_neg=0.67
992.0	1008.0	char=FORREST tags=ha arousal=0.67 val_pos=0.33 val_neg=0.33
999.0	1001.0	char=BOY tags=neg,other,verbal arousal=0.00 val_pos=0.00 val_neg=0.67
1024.0	1026.0	char=MAN tags=la,neg,other,contempt,verbal arousal=-0.67 val_pos=0.00 val_neg=0.67
1062.0	1067.0	char=JENNY tags=neg,fear,verbal arousal=0.00 val_pos=0.00 val_neg=0.67
1064.0	1110.0	char=JENNYSDAD tags=ha,neg,other,verbal arousal=1.00 val_pos=0.00 val_neg=1.00
1067.0	1102.0	char=JENNY tags=neg,self,fear,verbal arousal=-0.33 val_pos=0.00 val_neg=1.00
1102.0	1110.0	char=JENNY tags=la,neg,self,verbal arousal=-0.67 val_pos=0.00 val_neg=0.67
1147.0	1148.0	char=OLDERBOYS tags=other,verbal arousal=0.00 val_pos=0.33 val_neg=0.33
1148.0	1150.0	char=JENNY tags=neg,other,verbal arousal=0.17 val_pos=0.00 val_neg=0.83
1148.0	1167.0	char=OLDERBOYS tags=neg,other,contempt,verbal arousal=0.33 val_pos=0.33 val_neg=0.67
1150.0	1162.0	char=JENNY tags=neg,other,fear,verbal arousal=0.33 val_pos=0.00 val_neg=1.00
1162.0	1164.0	char=JENNY tags=ha,neg,other,verbal arousal=0.67 val_pos=0.00 val_neg=0.67
1167.0	1171.0	char=OLDERBOYS tags=pos,neg,other,contempt,verbal arousal=0.33 val_pos=0.67 val_neg=0.67
1171.0	1173.0	char=OLDERBOYS tags=ha,other,verbal arousal=0.67 val_pos=0.33 val_neg=0.33
1173.0	1176.0	char=OLDERBOYS tags=pos,other,audio,verbal arousal=0.33 val_pos=1.00 val_neg=0.00
1176.0	1194.0	char=OLDERBOYS tags=pos arousal=0.00 val_pos=0.67 val_neg=0.00
1190.0	1194.0	char=JENNY tags=neg,other,verbal arousal=0.17 val_pos=0.00 val_neg=0.83
1204.0	1208.0	char=OLDERBOYS tags=ha,pos,self,happiness,audio,verbal arousal=1.00 val_pos=1.00 val_neg=0.00
1208.0	1212.0	char=OLDERBOYS tags=ha,pos,self arousal=0.67 val_pos=0.67 val_neg=0.00
1229.0	1230.0	char=MAN tags=pos,other,admiration,verbal arousal=0.33 val_pos=0.67 val_neg=0.33
1230.0	1232.0	char=MAN tags=ha,other,verbal arousal=0.67 val_pos=0.33 val_neg=0.33
1232.0	1233.0	char=MAN tags=ha,other arousal=0.67 val_pos=0.33 val_neg=0.33
1233.0	1236.0	char=MAN tags=pos,other arousal=0.33 val_pos=0.67 val_neg=0.33
1236.0	1240.0	char=FORRESTVO tags=la,pos,self,happiness,verbal arousal=-1.00 val_pos=1.00 val_neg=0.00
1240.0	1241.0	char=FORRESTVO tags=la,pos,self arousal=-0.67 val_pos=0.67 val_neg=0.00
1248.0	1285.0	char=MAN tags=ha,neg,other,verbal arousal=0.67 val_pos=0.00 val_neg=0.67
1285.0	1287.0	char=MAN tags=ha,neg,other,contempt,verbal arousal=0.67 val_pos=0.33 val_neg=0.67
1287.0	1290.0	char=MAN tags=pos,other,verbal arousal=0.00 val_pos=0.67 val_neg=0.33
1290.0	1292.0	char=MAN tags=pos,happiness,verbal arousal=0.00 val_pos=0.67 val_neg=0.33
1321.0	1323.0	char=JENNY tags=self arousal=0.00 val_pos=0.33 val_neg=0.33
1333.0	1342.0	char=FORREST tags=ha,neg,other,narrator arousal=0.67 val_pos=0.00 val_neg=0.67
1334.0	1344.0	char=JENNY tags=ha,neg,other,verbal arousal=1.00 val_pos=0.00 val_neg=1.00
1342.0	1343.0	char=FORREST tags=neg,other,context arousal=0.33 val_pos=0.00 val_neg=1.00
1343.0	1345.0	char=FORREST tags=neg,other,verbal arousal=-0.33 val_pos=0.00 val_neg=1.00
1343.0	1344.0	char=MAN tags=ha,neg,other arousal=0.67 val_pos=0.00 val_neg=0.67
1344.0	1347.0	char=JENNY tags=neg,other,verbal arousal=0.33 val_pos=0.00 val_neg=1.00
1344.0	1347.0	char=MAN tags=ha,neg,other,verbal arousal=1.00 val_pos=0.00 val_neg=1.00
1345.0	1363.0	char=FORREST tags=la,neg,verbal arousal=-0.67 val_pos=0.00 val_neg=0.67
1347.0	1349.0	char=JENNY tags=ha,neg,other,verbal arousal=1.00 val_pos=0.00 val_neg=1.00
1347.0	1352.0	char=MAN tags=ha,neg,other,hate,verbal arousal=1.00 val_pos=0.00 val_neg=1.00
1349.0	1350.0	char=JENNY tags=ha,neg,verbal arousal=0.67 val_pos=0.00 val_neg=0.67
1350.0	1356.0	char=JENNY tags=ha,neg,other,verbal arousal=1.00 val_pos=0.00 val_neg=1.00
1352.0	1358.0	char=MAN tags=ha,neg,other,verbal arousal=0.67 val_pos=0.00 val_neg=0.67
1356.0	1358.0	char=JENNY tags=ha,neg,verbal arousal=0.67 val_pos=0.00 val_neg=0.67
1358.0	1365.0	char=JENNY tags=ha,neg,other,verbal arousal=1.00 val_pos=0.00 val_neg=1.00
1363.0	1365.0	char=FORREST tags=neg,self,verbal arousal=-0.33 val_pos=0.00 val_neg=1.00
1365.0	1373.0	char=JENNY tags=neg,other arousal=0.33 val_pos=0.00 val_neg=1.00
1365.0	1384.0	char=FORREST tags=neg,self,remorse,verbal arousal=-0.33 val_pos=0.00 val_neg=1.00
1373.0	1374.0	char=JENNY tags=neg,other,verbal arousal=0.33 val_pos=0.00 val_neg=1.00
1374.0	1384.0	char=JENNY tags=la,neg,other,verbal arousal=-1.00 val_pos=0.00 val_neg=1.00
1412.0	1413.0	char=JENNY tags=la,pos,hope,verbal arousal=-0.67 val_pos=0.67 val_neg=0.00
1413.0	1445.0	char=JENNY tags=pos,self,hope,verbal arousal=-0.33 val_pos=1.00 val_neg=0.00
1437.0	1450.0	char=FORREST tags=ha,verbal arousal=0.67 val_pos=0.33 val_neg=0.33
1445.0	1446.0	char=JENNY tags=ha,pos arousal=0.67 val_pos=0.67 val_neg=0.00
1446.0	1475.0	char=JENNY tags=pos,other,love arousal=0.00 val_pos=0.67 val_neg=0.00
1450.0	1468.0	char=FORREST tags=ha,other,verbal arousal=0.67 val_pos=0.33 val_neg=0.33
1468.0	1475.0	char=FORREST tags=pos,other,verbal arousal=0.33 val_pos=0.67 val_neg=0.33
1475.0	1477.0	char=FORREST tags=verbal arousal=0.00 val_pos=0.33 val_neg=0.33
1477.0	1480.0	char=FORREST tags=neg,self,verbal arousal=0.33 val_pos=0.33 val_neg=0.67
1480.0	1481.0	char=FORREST tags=self,verbal arousal=0.00 val_pos=0.33 val_neg=0.33
1481.0	1482.0	char=JENNY tags=pos,other,verbal arousal=0.00 val_pos=0.67 val_neg=0.00
1481.0	1498.0	char=FORREST tags=neg,self,verbal arousal=-0.33 val_pos=0.33 val_neg=0.67
1482.0	1491.0	char=JENNY tags=other,verbal arousal=0.00 val_pos=0.33 val_neg=0.33
1491.0	1497.0	char=JENNY tags=pos,other,verbal arousal=-0.33 val_pos=0.67 val_neg=0.33
1497.0	1499.0	char=JENNY tags=la,other,verbal arousal=-0.67 val_pos=0.33 val_neg=0.33
1498.0	1512.0	char=FORREST tags=la,self,verbal arousal=-0.67 val_pos=0.33 val_neg=0.33
1499.0	1520.0	char=JENNY tags=pos,other,love,verbal arousal=-0.33 val_pos=0.67 val_neg=0.33
1512.0	1513.0	char=FORREST tags=pos,verbal arousal=0.00 val_pos=0.67 val_neg=0.00
1513.0	1519.0	char=FORREST tags=pos,self,happiness,verbal arousal=0.33 val_pos=1.00 val_neg=0.00
1519.0	1520.0	char=FORREST tags=pos,self,verbal arousal=0.33 val_pos=0.67 val_neg=0.33
1520.0	1525.0	char=GIRL tags=la,neg,other,contempt,verbal arousal=-0.67 val_pos=0.00 val_neg=0.67
1520.0	1523.0	char=JENNY tags=pos,verbal arousal=0.00 val_pos=0.67 val_neg=0.00
1520.0	1521.0	char=FORREST tags=pos,neg,self,verbal arousal=0.00 val_pos=0.67 val_neg=0.67
1521.0	1522.0	char=FORREST tags=la,neg,self arousal=-0.67 val_pos=0.00 val_neg=0.67
1522.0	1525.0	char=FORREST tags=la,neg,self,shame,verbal arousal=-1.00 val_pos=0.00 val_neg=1.00
1523.0	1525.0	char=JENNY tags=other,contempt,verbal arousal=0.00 val_pos=0.33 val_neg=0.33
1582.0	1584.0	char=MAN tags=la,pos,verbal arousal=-0.67 val_pos=0.67 val_neg=0.00
1586.0	1587.0	char=MAN tags=la,pos,verbal arousal=-0.67 val_pos=0.67 val_neg=0.00
1587.0	1588.0	char=MAN tags=la,pos,self,pride,verbal arousal=-0.67 val_pos=0.67 val_neg=0.00
1590.0	1593.0	char=MAN tags=la,pos,self,pride,verbal arousal=-0.67 val_pos=0.67 val_neg=0.00
1597.0	1598.0	char=PRESIDENTKENNEDY tags=la,pos,happiness arousal=-0.67 val_pos=0.67 val_neg=0.00
1598.0	1599.0	char=PRESIDENTKENNEDY tags=la,pos,other,happiness,verbal arousal=-1.00 val_pos=1.00 val_neg=0.00
1646.0	1651.0	char=MRSGUMP tags=pos,other,pride,verbal arousal=0.33 val_pos=1.00 val_neg=0.00
1651.0	1660.0	char=MRSGUMP tags=pos,other,pride arousal=0.00 val_pos=0.67 val_neg=0.00
1661.0	1670.0	char=MAN tags=ha,neg,other,verbal arousal=1.00 val_pos=0.00 val_neg=1.00
1670.0	1672.0	char=MAN tags=neg,other,verbal arousal=0.00 val_pos=0.00 val_neg=0.67
1672.0	1675.0	char=MAN tags=neg,other,contempt,verbal arousal=-0.33 val_pos=0.00 val_neg=0.67
1675.0	1676.0	char=MAN tags=la,neg,other,contempt,verbal arousal=-0.67 val_pos=0.00 val_neg=1.00
1676.0	1688.0	char=FORREST tags=la,neg,self arousal=-0.67 val_pos=0.00 val_neg=0.67
1676.0	1678.0	char=MAN tags=neg,other,contempt,verbal arousal=-0.33 val_pos=0.00 val_neg=0.67
1744.0	1747.0	char=FORRESTVO tags=la,pos,happiness arousal=-0.67 val_pos=0.67 val_neg=0.00
1759.0	1760.0	char=MAN tags=ha,other arousal=0.67 val_pos=0.33 val_neg=0.33
1760.0	1796.0	char=MAN tags=ha,neg,other,verbal arousal=1.00 val_pos=0.33 val_neg=0.67
1811.0	1819.0	char=MAN tags=neg,other,verbal arousal=0.33 val_pos=0.33 val_neg=0.67
1819.0	1822.0	char=MAN tags=pos,other,admiration,verbal arousal=0.00 val_pos=1.00 val_neg=0.33
1822.0	1829.0	char=MAN tags=pos,neg,other,verbal arousal=0.00 val_pos=0.67 val_neg=0.67
1829.0	1830.0	char=MAN tags=neg,other,verbal arousal=0.33 val_pos=0.33 val_neg=0.67
1830.0	1832.0	char=MAN tags=ha,other,verbal arousal=0.67 val_pos=0.33 val_neg=0.33
1873.0	1874.0	char=FORRESTVO tags=la,neg,self,verbal arousal=-0.67 val_pos=0.00 val_neg=0.67
1874.0	1904.0	char=FORRESTVO tags=la,neg,self,sadness,verbal arousal=-0.67 val_pos=0.00 val_neg=0.67
1887.0	1890.0	char=MAN tags=pos,self arousal=0.00 val_pos=0.67 val_neg=0.00
1890.0	1892.0	char=MAN tags=pos,self,happiness,verbal arousal=-0.33 val_pos=1.00 val_neg=0.00
2000.0	2003.0	char=MAN tags=other,verbal arousal=0.00 val_pos=0.33 val_neg=0.33
2030.0	2031.0	char=JENNY tags=ha,neg,verbal arousal=0.67 val_pos=0.00 val_neg=0.67
2031.0	2042.0	char=JENNY tags=ha,neg,other,verbal arousal=1.00 val_pos=0.00 val_neg=1.00
2034.0	2046.0	char=FORREST tags=neg,other,verbal arousal=0.33 val_pos=0.00 val_neg=1.00
2042.0	2049.0	char=JENNY tags=ha,neg,verbal arousal=0.67 val_pos=0.00 val_neg=0.67
2046.0	2073.0	char=FORREST tags=neg,verbal arousal=0.00 val_pos=0.00 val_neg=0.67
2049.0	2056.0	char=JENNY tags=neg,verbal arousal=0.00 val_pos=0.00 val_neg=0.67
2056.0	2076.0	char=JENNY tags=neg,self,sadness,verbal arousal=-0.33 val_pos=0.00 val_neg=1.00
2073.0	2076.0	char=FORREST tags=neg,other,verbal arousal=0.33 val_pos=0.00 val_neg=1.00
2076.0	2090.0	char=JENNY tags=neg,self,sadness arousal=0.00 val_pos=0.00 val_neg=0.67
2076.0	2083.0	char=FORREST tags=neg,other,fear,verbal arousal=-0.33 val_pos=0.00 val_neg=1.00
2083.0	2094.0	char=FORREST tags=la,neg,other,fear arousal=-0.67 val_pos=0.00 val_neg=0.67
2090.0	2093.0	char=JENNY tags=neg,self,sadness,verbal arousal=0.33 val_pos=0.00 val_neg=1.00
2093.0	2096.0	char=JENNY tags=ha,neg,verbal arousal=0.67 val_pos=0.00 val_neg=0.67
2094.0	2095.0	char=FORREST tags=neg,other,fear arousal=-0.33 val_pos=0.00 val_neg=1.00
2095.0	2096.0	char=FORREST tags=neg,other,sadness,verbal arousal=0.33 val_pos=0.00 val_neg=1.00
2096.0	2100.0	char=JENNY tags=ha,neg,other,verbal arousal=1.00 val_pos=0.00 val_neg=1.00
2096.0	2104.0	char=FORREST tags=neg,other,verbal arousal=0.00 val_pos=0.00 val_neg=0.67
2100.0	2121.0	char=JENNY tags=ha,neg,verbal arousal=0.67 val_pos=0.00 val_neg=0.67
2104.0	2116.0	char=FORREST tags=neg,other,sadness,verbal arousal=-0.33 val_pos=0.00 val_neg=1.00
2116.0	2136.0	char=FORREST tags=neg,sadness,verbal arousal=0.00 val_pos=0.00 val_neg=0.67
2121.0	2130.0	char=JENNY tags=neg,other,verbal arousal=-0.33 val_pos=0.00 val_neg=1.00
2130.0	2147.0	char=JENNY tags=neg,verbal arousal=0.00 val_pos=0.00 val_neg=0.67
2136.0	2142.0	char=FORREST tags=pos,other,verbal arousal=-0.33 val_pos=0.67 val_neg=0.33
2142.0	2150.0	char=FORREST tags=verbal arousal=0.00 val_pos=0.33 val_neg=0.33
2162.0	2208.0	char=BUBBA tags=la,neg,fear,narrator arousal=-0.67 val_pos=0.00 val_neg=0.67
2162.0	2206.0	char=FORREST tags=la,neg,fear,narrator arousal=-0.67 val_pos=0.00 val_neg=0.67
2290.0	2308.0	char=DAN tags=neg,other,verbal arousal=0.00 val_pos=0.00 val_neg=0.67
2315.0	2317.0	char=DAN tags=neg,other,verbal arousal=0.33 val_pos=0.00 val_neg=1.00
2356.0	2359.0	char=FORREST tags=la,neg,self,fear,verbal arousal=-1.00 val_pos=0.33 val_neg=0.67
2394.0	2395.0	char=MAN tags=neg,verbal arousal=0.00 val_pos=0.00 val_neg=0.67
2395.0	2397.0	char=MAN tags=neg,other,verbal arousal=0.33 val_pos=0.00 val_neg=1.00
2397.0	2421.0	char=MAN tags=neg,verbal arousal=0.00 val_pos=0.00 val_neg=0.67
2411.0	2421.0	char=DAN tags=neg,verbal arousal=0.00 val_pos=0.00 val_neg=0.67
2445.0	2450.0	char=MAN tags=neg,fear,verbal arousal=0.00 val_pos=0.00 val_neg=0.67
2534.0	2538.0	char=BUBBA tags=la,pos,other,love,verbal arousal=-0.67 val_pos=0.67 val_neg=0.00
2555.0	2556.0	char=BUBBA tags=la,pos,verbal arousal=-0.67 val_pos=0.67 val_neg=0.00
2556.0	2583.0	char=BUBBA tags=pos,self,happiness,verbal arousal=0.00 val_pos=0.67 val_neg=0.00
2649.0	2713.0	char=DAN tags=ha,neg,fear,verbal arousal=0.67 val_pos=0.00 val_neg=0.67
2660.0	2929.0	char=BUBBA tags=ha,neg,fear,verbal arousal=0.67 val_pos=0.00 val_neg=0.67
2680.0	2709.0	char=MAN tags=ha,neg,self,fear,verbal arousal=0.67 val_pos=0.00 val_neg=0.67
2713.0	2715.0	char=DAN tags=ha,neg,other,fear,verbal arousal=1.00 val_pos=0.00 val_neg=1.00
2715.0	2717.0	char=DAN tags=ha,neg,other,verbal arousal=1.00 val_pos=0.00 val_neg=1.00
2717.0	2837.0	char=DAN tags=ha,neg,verbal arousal=0.67 val_pos=0.00 val_neg=0.67
2753.0	2754.0	char=FORREST tags=neg,fear arousal=0.00 val_pos=0.00 val_neg=0.67
2754.0	2773.0	char=FORREST tags=neg,other,fear arousal=0.33 val_pos=0.00 val_neg=1.00
2763.0	2771.0	char=MAN tags=neg,self,fear arousal=0.00 val_pos=0.00 val_neg=0.67
2771.0	2772.0	char=MAN tags=neg,self,fear,verbal arousal=-0.33 val_pos=0.00 val_neg=1.00
2772.0	2783.0	char=MAN tags=neg,verbal arousal=0.00 val_pos=0.00 val_neg=0.67
2773.0	2828.0	char=FORREST tags=ha,neg,fear arousal=0.67 val_pos=0.00 val_neg=0.67
2783.0	2791.0	char=MAN tags=neg,self,fear,verbal arousal=0.33 val_pos=0.00 val_neg=1.00
2791.0	2819.0	char=MAN tags=neg,verbal arousal=0.00 val_pos=0.00 val_neg=0.67
2819.0	2822.0	char=MAN tags=neg,self,fear,verbal arousal=0.33 val_pos=0.00 val_neg=1.00
2822.0	3059.0	char=MAN tags=neg,fear,verbal arousal=0.00 val_pos=0.00 val_neg=0.67
2828.0	2927.0	char=FORREST tags=ha,neg,self,fear,verbal arousal=1.00 val_pos=0.00 val_neg=1.00
2837.0	2842.0	char=DAN tags=ha,neg,self,fear,verbal arousal=0.67 val_pos=0.00 val_neg=0.67
2842.0	2848.0	char=DAN tags=ha,neg,verbal arousal=0.67 val_pos=0.00 val_neg=0.67
2848.0	2911.0	char=DAN tags=ha,neg,other,verbal arousal=1.00 val_pos=0.00 val_neg=1.00
2911.0	3013.0	char=DAN tags=ha,neg,verbal arousal=0.67 val_pos=0.00 val_neg=0.67
2927.0	2937.0	char=FORREST tags=ha,neg,fear arousal=0.67 val_pos=0.00 val_neg=0.67
2929.0	3030.0	char=BUBBA tags=neg,self,fear,verbal arousal=-0.33 val_pos=0.00 val_neg=1.00
2937.0	2938.0	char=FORREST tags=neg,other,sadness,verbal arousal=-0.33 val_pos=0.00 val_neg=1.00
2938.0	2977.0	char=FORREST tags=la,neg,other,sadness,verbal arousal=-1.00 val_pos=0.00 val_neg=1.00
2977.0	2978.0	char=FORREST tags=neg,other,sadness,verbal arousal=-0.33 val_pos=0.00 val_neg=1.00
2978.0	3033.0	char=FORREST tags=neg,self,fear,verbal arousal=0.33 val_pos=0.00 val_neg=1.00
3013.0	3059.0	char=DAN tags=neg,verbal arousal=0.00 val_pos=0.00 val_neg=0.67
3030.0	3040.0	char=BUBBA tags=neg,self,verbal arousal=-0.33 val_pos=0.00 val_neg=1.00
3033.0	3059.0	char=FORREST tags=ha,neg,self,fear,verbal arousal=0.67 val_pos=0.00 val_neg=0.67
3040.0	3041.0	char=BUBBA tags=neg,self,sadness,verbal arousal=-0.33 val_pos=0.00 val_neg=1.00
3041.0	3059.0	char=BUBBA tags=neg,self,verbal arousal=0.00 val_pos=0.00 val_neg=0.67
3042.0	3045.0	char=FORRESTVO tags=la,neg,self,verbal arousal=-0.67 val_pos=0.00 val_neg=0.67
3045.0	3059.0	char=FORRESTVO tags=la,neg,self,sadness,verbal arousal=-0.67 val_pos=0.00 val_neg=0.67
3063.0	3091.0	char=FORREST tags=la,neg,self,sadness arousal=-0.67 val_pos=0.00 val_neg=0.67
3091.0	3094.0	char=FORREST tags=la,self arousal=-0.67 val_pos=0.33 val_neg=0.33
3094.0	3095.0	char=FORRESTVO tags=pos,self,happiness arousal=0.00 val_pos=0.67 val_neg=0.00
3095.0	3102.0	char=FORRESTVO tags=pos,self,happiness,verbal arousal=-0.33 val_pos=1.00 val_neg=0.00
3102.0	3103.0	char=FORRESTVO tags=pos,self,happiness arousal=0.00 val_pos=0.67 val_neg=0.00
3104.0	3113.0	char=FORREST tags=pos,happiness arousal=0.00 val_pos=0.67 val_neg=0.00
3153.0	3167.0	char=FORREST tags=la arousal=-0.67 val_pos=0.33 val_neg=0.33
3167.0	3168.0	char=FORREST tags=la,neg,self,sadness arousal=-1.00 val_pos=0.33 val_neg=0.67
3168.0	3171.0	char=FORREST tags=la,neg,self,sadness,narrator arousal=-1.00 val_pos=0.00 val_neg=1.00
3177.0	3178.0	char=MAN tags=neg,other arousal=0.00 val_pos=0.00 val_neg=0.67
3178.0	3182.0	char=MAN tags=neg,other,verbal arousal=-0.33 val_pos=0.00 val_neg=1.00
3182.0	3190.0	char=MAN tags=neg,verbal arousal=0.00 val_pos=0.00 val_neg=0.67
3250.0	3251.0	char=DAN tags=la,neg,self,sadness,narrator arousal=-1.00 val_pos=0.00 val_neg=1.00
3268.0	3269.0	char=FORREST tags=pos,happiness arousal=0.00 val_pos=0.67 val_neg=0.00
3269.0	3272.0	char=FORREST tags=pos,self,happiness,verbal arousal=0.33 val_pos=1.00 val_neg=0.00
3272.0	3273.0	char=FORREST tags=ha,pos,happiness arousal=0.67 val_pos=0.67 val_neg=0.00
3316.0	3318.0	char=PRESIDENTJOHNSON tags=la,pos,other,verbal arousal=-0.67 val_pos=0.67 val_neg=0.00
3318.0	3319.0	char=PRESIDENTJOHNSON tags=pos,other,verbal arousal=-0.33 val_pos=0.67 val_neg=0.33
3319.0	3323.0	char=PRESIDENTJOHNSON tags=other arousal=0.00 val_pos=0.33 val_neg=0.33
3331.0	3333.0	char=PRESIDENTJOHNSON tags=la,pos,happiness arousal=-0.67 val_pos=0.67 val_neg=0.00
3333.0	3334.0	char=PRESIDENTJOHNSON tags=la,pos,other,happiness,verbal arousal=-1.00 val_pos=1.00 val_neg=0.00
3390.0	3435.0	char=CROWD tags=ha,pos,happiness,verbal arousal=0.67 val_pos=0.67 val_neg=0.00
3414.0	3436.0	char=ABBIEHOFFMAN tags=ha,verbal arousal=0.67 val_pos=0.33 val_neg=0.33
3421.0	3425.0	char=MAN tags=pos,verbal arousal=0.00 val_pos=0.67 val_neg=0.00
3441.0	3460.0	char=ABBIEHOFFMAN tags=ha,verbal arousal=0.67 val_pos=0.33 val_neg=0.33
3443.0	3460.0	char=CROWD tags=ha,pos,happiness,verbal arousal=0.67 val_pos=0.67 val_neg=0.00
3494.0	3496.0	char=MAN tags=ha,other,verbal arousal=0.67 val_pos=0.33 val_neg=0.33
3495.0	3517.0	char=WOMAN tags=neg,other,verbal arousal=0.33 val_pos=0.00 val_neg=1.00
3497.0	3505.0	char=CROWD tags=neg,verbal arousal=0.00 val_pos=0.00 val_neg=0.67
3505.0	3507.0	char=CROWD tags=neg,other,verbal arousal=0.33 val_pos=0.00 val_neg=1.00
3507.0	3517.0	char=CROWD tags=neg,verbal arousal=0.00 val_pos=0.00 val_neg=0.67
3519.0	3525.0	char=ABBIEHOFFMAN tags=ha,neg,other arousal=0.67 val_pos=0.00 val_neg=0.67
3525.0	3530.0	char=ABBIEHOFFMAN tags=ha,other arousal=0.67 val_pos=0.33 val_neg=0.33
3538.0	3539.0	char=JENNY tags=ha,pos,happiness arousal=0.67 val_pos=0.67 val_neg=0.00
3539.0	3578.0	char=JENNY tags=ha,pos,other,happiness,verbal arousal=1.00 val_pos=1.00 val_neg=0.00
3546.0	3578.0	char=FORREST tags=ha,pos,happiness arousal=0.67 val_pos=0.67 val_neg=0.00
3567.0	3578.0	char=CROWD tags=ha,pos,verbal arousal=0.67 val_pos=0.67 val_neg=0.00
3576.0	3578.0	char=FORRESTVO tags=la,pos,self,happiness,verbal arousal=-0.67 val_pos=0.67 val_neg=0.00
3588.0	3593.0	char=MAN tags=ha,neg,other,verbal arousal=0.67 val_pos=0.00 val_neg=0.67
3596.0	3608.0	char=MAN tags=neg,other,verbal arousal=0.00 val_pos=0.00 val_neg=0.67
3621.0	3635.0	char=MAN tags=neg,other,verbal arousal=0.00 val_pos=0.00 val_neg=0.67
3648.0	3680.0	char=FORREST tags=ha,neg,other,narrator arousal=0.67 val_pos=0.00 val_neg=0.67
3657.0	3666.0	char=JENNY tags=ha,neg,other,verbal arousal=0.67 val_pos=0.00 val_neg=0.67
3674.0	3680.0	char=MAN tags=neg,other arousal=0.00 val_pos=0.00 val_neg=0.67
3680.0	3695.0	char=FORREST tags=ha,neg,other arousal=0.67 val_pos=0.00 val_neg=0.67
3695.0	3698.0	char=FORREST tags=neg arousal=0.00 val_pos=0.00 val_neg=0.67
3711.0	3740.0	char=FORREST tags=other,verbal arousal=0.00 val_pos=0.33 val_neg=0.33
3716.0	3720.0	char=JENNY tags=la,shame arousal=-0.67 val_pos=0.33 val_neg=0.33
3724.0	3745.0	char=JENNY tags=la,pos,other,admiration,verbal arousal=-0.67 val_pos=0.67 val_neg=0.00
3740.0	3752.0	char=FORREST tags=la,pos,other,happiness,verbal arousal=-1.00 val_pos=1.00 val_neg=0.00
3745.0	3752.0	char=JENNY tags=la,pos,verbal arousal=-0.67 val_pos=0.67 val_neg=0.00
3748.0	3752.0	char=FORRESTVO tags=la,pos,other,love arousal=-0.67 val_pos=0.67 val_neg=0.00
3776.0	3777.0	char=MAN tags=pos,happiness,verbal arousal=0.00 val_pos=0.67 val_neg=0.00
3778.0	3809.0	char=FORRESTVO tags=la,pos,other,love,verbal arousal=-0.67 val_pos=0.67 val_neg=0.00
3786.0	3787.0	char=FORREST tags=la,verbal arousal=-0.67 val_pos=0.33 val_neg=0.33
3792.0	3798.0	char=MAN tags=la,neg,remorse,verbal arousal=-0.67 val_pos=0.00 val_neg=0.67
3798.0	3805.0	char=MAN tags=neg,self,remorse,verbal arousal=-0.33 val_pos=0.00 val_neg=1.00
3805.0	3806.0	char=MAN tags=neg,verbal arousal=0.00 val_pos=0.00 val_neg=0.67
3806.0	3808.0	char=JENNY tags=la,neg,other,narrator arousal=-1.00 val_pos=0.33 val_neg=0.67
3808.0	3827.0	char=JENNY tags=la,other,narrator arousal=-0.67 val_pos=0.33 val_neg=0.33
3814.0	3841.0	char=FORREST tags=ha,neg,other,hate,verbal arousal=0.67 val_pos=0.00 val_neg=0.67
3827.0	3828.0	char=JENNY tags=la arousal=-0.67 val_pos=0.33 val_neg=0.33
3828.0	3848.0	char=JENNY tags=la,neg,sadness,verbal arousal=-0.67 val_pos=0.00 val_neg=0.67
3841.0	3845.0	char=FORREST tags=neg,other,context arousal=-0.33 val_pos=0.33 val_neg=0.67
3845.0	3864.0	char=FORREST tags=la,pos,other,love,context arousal=-1.00 val_pos=0.67 val_neg=0.33
3848.0	3865.0	char=JENNY tags=la,pos,other,verbal arousal=-1.00 val_pos=1.00 val_neg=0.00
3864.0	3882.0	char=FORREST tags=pos,other,love,context arousal=-0.33 val_pos=0.67 val_neg=0.33
3865.0	3880.0	char=JENNY tags=la,pos,other,love,verbal arousal=-1.00 val_pos=1.00 val_neg=0.00
3880.0	3883.0	char=JENNY tags=la,pos,other,love arousal=-1.00 val_pos=1.00 val_neg=0.00
3882.0	3884.0	char=FORREST tags=pos,other,love arousal=-0.33 val_pos=1.00 val_neg=0.00
3883.0	3905.0	char=JENNY tags=la,pos,other,happiness,narrator arousal=-1.00 val_pos=1.00 val_neg=0.00
3884.0	3886.0	char=FORREST tags=la,pos,other,happiness,narrator arousal=-1.00 val_pos=1.00 val_neg=0.00
3886.0	3903.0	char=FORREST tags=la,neg,other,hate,narrator arousal=-1.00 val_pos=0.33 val_neg=0.67
3903.0	3905.0	char=FORREST tags=la,pos,other,context,narrator arousal=-1.00 val_pos=0.67 val_neg=0.33
3905.0	3911.0	char=JENNY tags=la,pos,happiness,narrator arousal=-0.67 val_pos=0.67 val_neg=0.00
3905.0	3911.0	char=FORREST tags=la,narrator arousal=-0.67 val_pos=0.33 val_neg=0.33
3906.0	3911.0	char=FORRESTVO tags=la,neg,other,sadness,verbal arousal=-1.00 val_pos=0.00 val_neg=1.00
3986.0	3991.0	char=FORREST tags=la,neg,other arousal=-0.67 val_pos=0.00 val_neg=0.67
4022.0	4043.0	char=DAN tags=neg,other,contempt,verbal arousal=-0.33 val_pos=0.00 val_neg=1.00
4032.0	4040.0	char=FORREST tags=pos,happiness,verbal arousal=0.00 val_pos=0.67 val_neg=0.00
4040.0	4057.0	char=FORREST tags=la arousal=-0.67 val_pos=0.33 val_neg=0.33
4043.0	4069.0	char=DAN tags=neg,other,verbal arousal=0.33 val_pos=0.00 val_neg=1.00
4069.0	4078.0	char=DAN tags=ha,neg,other,verbal arousal=0.67 val_pos=0.00 val_neg=0.67
4076.0	4078.0	char=FORREST tags=neg,other,fear,context,verbal arousal=0.00 val_pos=0.00 val_neg=1.00
4094.0	4098.0	char=MAN tags=neg,other,verbal arousal=0.33 val_pos=0.00 val_neg=1.00
4095.0	4097.0	char=DAN tags=ha,neg,other arousal=0.67 val_pos=0.00 val_neg=0.67
4104.0	4112.0	char=DAN tags=ha,neg,other,verbal arousal=1.00 val_pos=0.00 val_neg=1.00
4106.0	4111.0	char=MAN tags=neg,other,verbal arousal=0.33 val_pos=0.00 val_neg=1.00
4132.0	4134.0	char=DAN tags=la,neg,self,sadness arousal=-0.67 val_pos=0.00 val_neg=0.67
4134.0	4140.0	char=DAN tags=la,neg,self,sadness,verbal arousal=-0.67 val_pos=0.00 val_neg=0.67
4146.0	4147.0	char=DAN tags=neg,other arousal=0.00 val_pos=0.00 val_neg=0.67
4147.0	4161.0	char=DAN tags=neg,other,verbal arousal=-0.33 val_pos=0.00 val_neg=1.00
4161.0	4197.0	char=DAN tags=ha,neg,other,verbal arousal=1.00 val_pos=0.00 val_neg=1.00
4197.0	4203.0	char=DAN tags=ha,neg,other arousal=0.67 val_pos=0.00 val_neg=0.67
4203.0	4213.0	char=DAN tags=neg,other arousal=0.00 val_pos=0.00 val_neg=0.67
4242.0	4248.0	char=DAN tags=other,verbal arousal=0.00 val_pos=0.33 val_neg=0.33
4248.0	4294.0	char=DAN tags=pos,other,happiness,audio arousal=0.33 val_pos=1.00 val_neg=0.00
4270.0	4279.0	char=WOMAN tags=pos,happiness,audio arousal=0.00 val_pos=0.67 val_neg=0.00
4279.0	4292.0	char=WOMAN tags=pos,other,happiness,audio arousal=0.00 val_pos=0.67 val_neg=0.00
4293.0	4300.0	char=WOMAN tags=pos,self,happiness,audio arousal=0.00 val_pos=0.67 val_neg=0.00
4294.0	4309.0	char=DAN tags=pos arousal=0.00 val_pos=0.67 val_neg=0.00
4300.0	4301.0	char=WOMAN tags=pos,self,happiness,audio,verbal arousal=-0.33 val_pos=1.00 val_neg=0.00
4301.0	4304.0	char=WOMAN tags=pos,self,happiness,hope,verbal arousal=-0.33 val_pos=1.00 val_neg=0.00
4304.0	4305.0	char=WOMAN tags=pos,self,happiness arousal=0.00 val_pos=0.67 val_neg=0.00
4342.0	4367.0	char=CROWD tags=ha,pos,self,happiness arousal=0.67 val_pos=0.67 val_neg=0.00
4362.0	4367.0	char=DAN tags=la,neg,self,sadness,narrator arousal=-0.67 val_pos=0.00 val_neg=0.67
4362.0	4365.0	char=FORREST tags=ha,pos,happiness arousal=0.67 val_pos=0.67 val_neg=0.00
4431.0	4443.0	char=PRESIDENTNIXON tags=la,neg,self,sadness arousal=-0.67 val_pos=0.00 val_neg=0.67
4489.0	4492.0	char=MRSGUMP tags=pos,happiness,audio arousal=0.00 val_pos=0.67 val_neg=0.00
4492.0	4544.0	char=MRSGUMP tags=pos,other,happiness,audio arousal=0.33 val_pos=1.00 val_neg=0.00
4569.0	4570.0	char=FORREST tags=neg,sadness arousal=0.00 val_pos=0.00 val_neg=0.67
4570.0	4588.0	char=FORREST tags=neg,other,sadness,verbal arousal=-0.33 val_pos=0.00 val_neg=1.00
4624.0	4627.0	char=FORREST tags=self,verbal arousal=0.00 val_pos=0.33 val_neg=0.33
4627.0	4628.0	char=FORREST tags=pos,self,verbal arousal=-0.33 val_pos=0.67 val_neg=0.33
4628.0	4629.0	char=FORREST tags=pos,self arousal=0.00 val_pos=0.67 val_neg=0.00
4661.0	4665.0	char=FORREST tags=ha,neg,self,disappointment,verbal arousal=0.67 val_pos=0.00 val_neg=0.67
4662.0	4663.0	char=OLDMAN tags=pos,self arousal=0.00 val_pos=0.67 val_neg=0.00
4663.0	4665.0	char=OLDMAN tags=pos,self,gloating,verbal arousal=0.33 val_pos=1.00 val_neg=0.00
4665.0	4669.0	char=OLDMAN tags=pos,verbal arousal=0.00 val_pos=0.67 val_neg=0.00
4669.0	4672.0	char=OLDMAN tags=ha,pos arousal=0.67 val_pos=0.67 val_neg=0.00
4672.0	4674.0	char=OLDMAN tags=ha,pos,happiness arousal=0.67 val_pos=0.67 val_neg=0.00
4681.0	4682.0	char=FORRESTVO tags=pos arousal=0.00 val_pos=0.67 val_neg=0.00
4682.0	4684.0	char=FORRESTVO tags=pos,other,love,verbal arousal=-0.33 val_pos=1.00 val_neg=0.00
4684.0	4688.0	char=FORRESTVO tags=pos arousal=0.00 val_pos=0.67 val_neg=0.00
4698.0	4708.0	char=JENNY tags=ha,pos,self,happiness,verbal arousal=0.67 val_pos=0.67 val_neg=0.00
4732.0	4736.0	char=JENNY tags=la,neg,self arousal=-0.67 val_pos=0.00 val_neg=0.67
4776.0	4779.0	char=JENNY tags=ha,neg,self,fear,narrator arousal=0.67 val_pos=0.00 val_neg=0.67
4779.0	4787.0	char=JENNY tags=neg,self,fear,narrator arousal=0.33 val_pos=0.00 val_neg=1.00
4787.0	4798.0	char=JENNY tags=ha,neg,self,fear,narrator arousal=1.00 val_pos=0.00 val_neg=1.00
4798.0	4800.0	char=JENNY tags=ha,neg,self,sadness,audio arousal=1.00 val_pos=0.00 val_neg=1.00
4813.0	4815.0	char=FORREST tags=la,neg,sadness,narrator arousal=-0.67 val_pos=0.00 val_neg=0.67
4815.0	4818.0	char=FORREST tags=la,neg,other,sadness,narrator arousal=-1.00 val_pos=0.00 val_neg=1.00
4837.0	4915.0	char=FORREST tags=ha,pos,self,happiness arousal=1.00 val_pos=1.00 val_neg=0.00
4883.0	4889.0	char=DAN tags=pos arousal=0.00 val_pos=0.67 val_neg=0.00
4915.0	4916.0	char=FORREST tags=pos,other,happiness arousal=0.33 val_pos=0.67 val_neg=0.33
4919.0	4933.0	char=DAN tags=pos arousal=0.00 val_pos=0.67 val_neg=0.00
4933.0	4947.0	char=DAN tags=other arousal=0.00 val_pos=0.33 val_neg=0.33
4947.0	4948.0	char=DAN tags=pos arousal=0.00 val_pos=0.67 val_neg=0.00
4948.0	4954.0	char=DAN tags=pos,self,happiness,verbal arousal=0.33 val_pos=1.00 val_neg=0.00
4954.0	4965.0	char=DAN tags=pos,self,verbal arousal=0.00 val_pos=0.67 val_neg=0.00
4962.0	4963.0	char=FORREST tags=la,neg,self arousal=-0.67 val_pos=0.00 val_neg=0.67
4963.0	4970.0	char=FORREST tags=la,neg,self,disappointment,verbal arousal=-1.00 val_pos=0.00 val_neg=1.00
4965.0	4973.0	char=DAN tags=self,verbal arousal=0.00 val_pos=0.33 val_neg=0.33
4970.0	4973.0	char=FORREST tags=la,neg,self arousal=-0.67 val_pos=0.00 val_neg=0.67
5003.0	5004.0	char=FORREST tags=la,neg,self,disappointment,verbal arousal=-0.67 val_pos=0.00 val_neg=0.67
5005.0	5008.0	char=DAN tags=la,neg,other,verbal arousal=-0.67 val_pos=0.00 val_neg=0.67
5013.0	5014.0	char=FORREST tags=neg,self,verbal arousal=0.00 val_pos=0.00 val_neg=0.67
5020.0	5063.0	char=FORREST tags=ha,neg,self,fear,verbal arousal=0.67 val_pos=0.00 val_neg=0.67
5029.0	5063.0	char=DAN tags=ha,pos,self,verbal arousal=0.67 val_pos=0.67 val_neg=0.33
5084.0	5087.0	char=MRSGUMP tags=pos,other,verbal arousal=0.33 val_pos=1.00 val_neg=0.00
5089.0	5090.0	char=FORRESTVO tags=pos,self,verbal arousal=0.00 val_pos=0.67 val_neg=0.00
5116.0	5166.0	char=FORREST tags=ha,pos,self,verbal arousal=0.67 val_pos=0.67 val_neg=0.00
5126.0	5127.0	char=MAN tags=pos,happiness,verbal arousal=0.00 val_pos=0.67 val_neg=0.00
5127.0	5137.0	char=MAN tags=pos,self,happiness,verbal arousal=0.33 val_pos=1.00 val_neg=0.00
5140.0	5166.0	char=OLDWOMAN tags=pos,other,admiration,verbal arousal=-0.33 val_pos=1.00 val_neg=0.00
5173.0	5175.0	char=DAN tags=la,other,verbal arousal=-0.67 val_pos=0.33 val_neg=0.33
5175.0	5196.0	char=DAN tags=la,pos,other,gratitude,verbal arousal=-1.00 val_pos=0.67 val_neg=0.33
5196.0	5207.0	char=DAN tags=la,pos,self,happiness,narrator arousal=-0.67 val_pos=0.67 val_neg=0.00
5220.0	5221.0	char=OLDWOMAN tags=la,pos,self,happiness,verbal arousal=-0.67 val_pos=0.67 val_neg=0.00
5236.0	5237.0	char=FORREST tags=pos,self,happiness,verbal arousal=0.00 val_pos=0.67 val_neg=0.00
5286.0	5289.0	char=MRSBLUE tags=ha,pos,self,happiness arousal=0.67 val_pos=0.67 val_neg=0.00
5299.0	5307.0	char=FORRESTVO tags=pos,self,happiness,verbal arousal=-0.33 val_pos=1.00 val_neg=0.00
5312.0	5317.0	char=FORRESTVO tags=la,neg,sadness,verbal arousal=-0.67 val_pos=0.00 val_neg=0.67
5329.0	5342.0	char=FORREST tags=la,neg,self,sadness arousal=-0.67 val_pos=0.00 val_neg=0.67
5412.0	5413.0	char=JENNY tags=la,pos arousal=-0.67 val_pos=0.67 val_neg=0.00
5413.0	5427.0	char=JENNY tags=la,pos,other,happiness,verbal arousal=-1.00 val_pos=1.00 val_neg=0.00
5415.0	5427.0	char=FORREST tags=pos,other,happiness,verbal arousal=-0.33 val_pos=1.00 val_neg=0.00
5427.0	5429.0	char=JENNY tags=la,pos,happiness,verbal arousal=-0.67 val_pos=0.67 val_neg=0.00
5427.0	5429.0	char=FORREST tags=pos,happiness,verbal arousal=0.00 val_pos=0.67 val_neg=0.00
5484.0	5486.0	char=FORREST tags=la,pos,other,verbal arousal=-0.67 val_pos=0.67 val_neg=0.00
5499.0	5500.0	char=FORREST tags=la,pos,happiness arousal=-0.67 val_pos=0.67 val_neg=0.00
5552.0	5561.0	char=FORREST tags=ha,other,verbal arousal=0.67 val_pos=0.33 val_neg=0.33
5563.0	5565.0	char=JENNY tags=other,verbal arousal=0.00 val_pos=0.33 val_neg=0.33
5567.0	5568.0	char=FORREST tags=neg,other,verbal arousal=0.00 val_pos=0.00 val_neg=0.67
5568.0	5602.0	char=FORREST tags=la,neg,other,disappointment,verbal arousal=-1.00 val_pos=0.00 val_neg=1.00
5571.0	5574.0	char=JENNY tags=la,neg,other,verbal arousal=-0.67 val_pos=0.00 val_neg=0.67
5602.0	5605.0	char=FORREST tags=la,neg,verbal arousal=-0.67 val_pos=0.00 val_neg=0.67
5626.0	5627.0	char=FORREST tags=la,other arousal=-0.67 val_pos=0.33 val_neg=0.33
5629.0	5662.0	char=JENNY tags=la,pos,other,love,verbal arousal=-1.00 val_pos=1.00 val_neg=0.00
5637.0	5662.0	char=FORREST tags=la,other arousal=-0.67 val_pos=0.33 val_neg=0.33
5685.0	5686.0	char=JENNY tags=neg,other,verbal arousal=0.00 val_pos=0.00 val_neg=0.67
5716.0	5731.0	char=FORREST tags=la,neg arousal=-0.67 val_pos=0.00 val_neg=0.67
5847.0	5853.0	char=OLDWOMAN tags=pos,other,admiration,verbal arousal=0.33 val_pos=1.00 val_neg=0.00
5894.0	5899.0	char=FORRESTVO tags=la,other,verbal arousal=-0.67 val_pos=0.33 val_neg=0.33
5920.0	5922.0	char=JENNY tags=pos,other,verbal arousal=-0.33 val_pos=1.00 val_neg=0.00
5941.0	5945.0	char=MAN tags=ha,pos,other,admiration,verbal arousal=1.00 val_pos=1.00 val_neg=0.00
5950.0	5962.0	char=MAN tags=ha,pos,other,admiration,verbal arousal=1.00 val_pos=1.00 val_neg=0.00
5983.0	5999.0	char=MAN tags=pos,other,admiration,verbal arousal=0.00 val_pos=0.67 val_neg=0.00
5999.0	6006.0	char=MAN tags=other,verbal arousal=0.00 val_pos=0.33 val_neg=0.33
6085.0	6123.0	char=MAN tags=pos,other,admiration,verbal arousal=0.33 val_pos=0.83 val_neg=0.00
6123.0	6125.0	char=MAN tags=neg,self,disappointment,verbal arousal=0.33 val_pos=0.00 val_neg=1.00
6125.0	6134.0	char=MAN tags=neg,self,verbal arousal=0.00 val_pos=0.00 val_neg=0.67
6157.0	6174.0	char=FORREST tags=la,pos,self,happiness,verbal arousal=-0.67 val_pos=0.67 val_neg=0.00
6174.0	6191.0	char=OLDWOMAN tags=la,pos arousal=-0.67 val_pos=0.67 val_neg=0.00
6188.0	6190.0	char=FORREST tags=la,pos,verbal arousal=-0.67 val_pos=0.67 val_neg=0.00
6191.0	6194.0	char=OLDWOMAN tags=pos arousal=0.00 val_pos=0.67 val_neg=0.00
6201.0	6203.0	char=JENNY tags=pos,happiness,verbal arousal=0.00 val_pos=0.67 val_neg=0.00
6203.0	6215.0	char=JENNY tags=pos,other,happiness,verbal arousal=0.33 val_pos=1.00 val_neg=0.00
6209.0	6230.0	char=FORREST tags=la,pos,happiness arousal=-0.67 val_pos=0.67 val_neg=0.00
6215.0	6216.0	char=JENNY tags=pos,self,other,happiness,verbal arousal=0.00 val_pos=1.00 val_neg=0.33
6216.0	6218.0	char=JENNY tags=pos,self,happiness,verbal arousal=-0.33 val_pos=0.67 val_neg=0.33
6218.0	6228.0	char=JENNY tags=la,neg,self,shame,verbal arousal=-1.00 val_pos=0.33 val_neg=0.67
6228.0	6229.0	char=JENNY tags=la,pos,self,verbal arousal=-1.00 val_pos=0.67 val_neg=0.33
6229.0	6230.0	char=JENNY tags=la,pos,self,other,verbal arousal=-1.00 val_pos=1.00 val_neg=0.33
6230.0	6233.0	char=JENNY tags=la,pos,other,verbal arousal=-1.00 val_pos=1.00 val_neg=0.00
6230.0	6250.0	char=FORREST tags=la arousal=-0.67 val_pos=0.33 val_neg=0.33
6233.0	6244.0	char=JENNY tags=la,pos,other,happiness,verbal arousal=-1.00 val_pos=1.00 val_neg=0.00
6244.0	6252.0	char=JENNY tags=la,pos,verbal arousal=-0.67 val_pos=0.67 val_neg=0.00
6250.0	6253.0	char=FORREST tags=la,pos,other arousal=-1.00 val_pos=0.67 val_neg=0.33
6252.0	6260.0	char=JENNY tags=la,pos,other,verbal arousal=-1.00 val_pos=0.67 val_neg=0.33
6253.0	6305.0	char=FORREST tags=la arousal=-0.67 val_pos=0.33 val_neg=0.33
6260.0	6276.0	char=JENNY tags=la,neg,other,shame,verbal arousal=-1.00 val_pos=0.17 val_neg=0.83
6276.0	6277.0	char=JENNY tags=la,neg,verbal arousal=-0.67 val_pos=0.00 val_neg=0.67
6277.0	6279.0	char=JENNY tags=la,verbal arousal=-0.67 val_pos=0.33 val_neg=0.33
6279.0	6308.0	char=JENNY tags=pos,verbal arousal=0.00 val_pos=0.67 val_neg=0.00
6305.0	6306.0	char=FORREST tags=la,pos arousal=-0.67 val_pos=0.67 val_neg=0.00
6306.0	6308.0	char=FORREST tags=pos,other,admiration,verbal arousal=-0.33 val_pos=1.00 val_neg=0.00
6308.0	6312.0	char=JENNY tags=pos,other,love,verbal arousal=-0.33 val_pos=1.00 val_neg=0.00
6308.0	6332.0	char=FORREST tags=la,pos arousal=-0.67 val_pos=0.67 val_neg=0.00
6312.0	6340.0	char=JENNY tags=pos,other,love arousal=0.00 val_pos=0.67 val_neg=0.00
6332.0	6333.0	char=FORREST tags=la,self arousal=-0.67 val_pos=0.33 val_neg=0.33
6333.0	6360.0	char=FORREST tags=la,neg,self arousal=-0.67 val_pos=0.00 val_neg=0.67
6340.0	6358.0	char=JENNY tags=la,pos,other,love arousal=-0.67 val_pos=0.67 val_neg=0.00
6358.0	6389.0	char=JENNY tags=la,pos,other,love,verbal arousal=-0.67 val_pos=0.67 val_neg=0.00
6360.0	6361.0	char=FORREST tags=la,verbal arousal=-0.67 val_pos=0.33 val_neg=0.33
6361.0	6370.0	char=FORREST tags=la,pos,other,love,verbal arousal=-0.67 val_pos=0.67 val_neg=0.00
6370.0	6398.0	char=FORREST tags=la,other,verbal arousal=-0.67 val_pos=0.33 val_neg=0.33
6389.0	6411.0	char=JENNY tags=pos,other,verbal arousal=0.00 val_pos=0.67 val_neg=0.00
6398.0	6411.0	char=FORREST tags=la,pos,other,love,verbal arousal=-1.00 val_pos=0.67 val_neg=0.33
6411.0	6418.0	char=JENNY tags=la,pos,other,love,verbal arousal=-0.67 val_pos=0.67 val_neg=0.00
6411.0	6418.0	char=FORREST tags=la,other,verbal arousal=-0.67 val_pos=0.33 val_neg=0.33
6446.0	6447.0	char=FORREST tags=la,other,verbal arousal=-0.67 val_pos=0.33 val_neg=0.33
6447.0	6450.0	char=FORREST tags=la,pos,other,verbal arousal=-0.67 val_pos=0.67 val_neg=0.33
6450.0	6460.0	char=FORREST tags=la,pos,neg,other,verbal arousal=-1.00 val_pos=0.67 val_neg=0.67
6460.0	6462.0	char=FORREST tags=la,pos,neg,other,love,verbal arousal=-1.00 val_pos=0.67 val_neg=0.67
6462.0	6471.0	char=FORREST tags=la,neg,verbal arousal=-0.67 val_pos=0.33 val_neg=0.67
6464.0	6465.0	char=JENNY tags=la,verbal arousal=-0.67 val_pos=0.33 val_neg=0.33
6465.0	6467.0	char=JENNY tags=la,pos,other,love,verbal arousal=-0.67 val_pos=0.67 val_neg=0.00
6471.0	6474.0	char=FORREST tags=la,neg,self,verbal arousal=-0.67 val_pos=0.33 val_neg=0.67
6500.0	6505.0	char=JENNY tags=la,pos,other,love,verbal arousal=-1.00 val_pos=1.00 val_neg=0.00
6505.0	6571.0	char=JENNY tags=la,pos,verbal arousal=-0.67 val_pos=0.67 val_neg=0.00
6516.0	6564.0	char=FORREST tags=la,pos,self,happiness,verbal arousal=-1.00 val_pos=1.00 val_neg=0.00
6535.0	6541.0	char=DAN tags=la,pos,other,happiness,verbal arousal=-1.00 val_pos=1.00 val_neg=0.00
6541.0	6549.0	char=DAN tags=la,pos,other,happiness arousal=-0.67 val_pos=0.67 val_neg=0.00
6556.0	6561.0	char=DAN tags=la,pos,other arousal=-0.67 val_pos=0.67 val_neg=0.00
6564.0	6565.0	char=FORREST tags=la,pos,other,verbal arousal=-1.00 val_pos=1.00 val_neg=0.00
6565.0	6568.0	char=WOMAN tags=la,pos,happiness,verbal arousal=-0.67 val_pos=0.67 val_neg=0.00
6565.0	6568.0	char=FORREST tags=la,pos,verbal arousal=-0.67 val_pos=0.67 val_neg=0.00
6568.0	6570.0	char=FORREST tags=la,pos,other,verbal arousal=-1.00 val_pos=1.00 val_neg=0.00
6570.0	6572.0	char=FORREST tags=la,pos,other,love,verbal arousal=-1.00 val_pos=1.00 val_neg=0.00
6571.0	6575.0	char=JENNY tags=la,pos,other,happiness,verbal arousal=-1.00 val_pos=1.00 val_neg=0.00
6572.0	6575.0	char=FORREST tags=la,pos,verbal arousal=-0.67 val_pos=0.67 val_neg=0.00
6575.0	6600.0	char=JENNY tags=la,pos,happiness,verbal arousal=-0.67 val_pos=0.67 val_neg=0.00
6575.0	6581.0	char=DAN tags=la,pos,other arousal=-0.67 val_pos=0.67 val_neg=0.00
6575.0	6579.0	char=FORREST tags=la,pos,other,verbal arousal=-1.00 val_pos=1.00 val_neg=0.00
6579.0	6581.0	char=FORREST tags=la,pos,self,pride,narrator arousal=-1.00 val_pos=1.00 val_neg=0.00
6581.0	6613.0	char=FORREST tags=la,pos,self arousal=-0.67 val_pos=0.67 val_neg=0.00
6600.0	6613.0	char=JENNY tags=la,pos,other,happiness,verbal arousal=-1.00 val_pos=1.00 val_neg=0.00
6629.0	6652.0	char=JENNY tags=la arousal=-0.67 val_pos=0.33 val_neg=0.33
6629.0	6644.0	char=FORREST tags=la arousal=-0.67 val_pos=0.33 val_neg=0.33
6698.0	6699.0	char=FORRESTVO tags=la,pos,verbal arousal=-0.67 val_pos=0.67 val_neg=0.00
6699.0	6708.0	char=FORRESTVO tags=la,pos,other,admiration,verbal arousal=-1.00 val_pos=1.00 val_neg=0.00
6713.0	6725.0	char=JENNY tags=la,neg,verbal arousal=-0.67 val_pos=0.00 val_neg=0.67
6719.0	6735.0	char=FORREST tags=la,neg,other,love,verbal arousal=-1.00 val_pos=0.33 val_neg=0.67
6725.0	6730.0	char=JENNY tags=la,neg,self,sadness,narrator arousal=-1.00 val_pos=0.00 val_neg=1.00
6730.0	6732.0	char=JENNY tags=la,neg,other,love,verbal arousal=-1.00 val_pos=0.33 val_neg=0.67
6732.0	6739.0	char=JENNY tags=la arousal=-0.67 val_pos=0.33 val_neg=0.33
6735.0	6738.0	char=FORREST tags=la,verbal arousal=-0.67 val_pos=0.33 val_neg=0.33
6736.0	6739.0	char=FORRESTVO tags=la,neg,other,sadness,verbal arousal=-0.67 val_pos=0.00 val_neg=0.67
6738.0	6739.0	char=FORREST tags=la,neg,other,sadness,verbal arousal=-1.00 val_pos=0.33 val_neg=0.67
6741.0	6743.0	char=FORREST tags=la,neg,sadness,verbal arousal=-0.67 val_pos=0.00 val_neg=0.67
6743.0	6754.0	char=FORREST tags=la,neg,other,sadness,verbal arousal=-1.00 val_pos=0.00 val_neg=1.00
6760.0	6778.0	char=FORREST tags=la,neg,self,sadness,verbal arousal=-1.00 val_pos=0.00 val_neg=1.00
6779.0	6786.0	char=FORRESTVO tags=la,neg,sadness,verbal arousal=-0.67 val_pos=0.00 val_neg=0.67
6787.0	6788.0	char=FORREST tags=la,neg,sadness,verbal arousal=-0.67 val_pos=0.00 val_neg=0.67
6788.0	6800.0	char=FORREST tags=la,neg,self,sadness,verbal arousal=-1.00 val_pos=0.00 val_neg=1.00
6802.0	6806.0	char=FORREST tags=pos,other,verbal arousal=0.00 val_pos=0.67 val_neg=0.00
6815.0	6817.0	char=FORREST tags=la,neg,sadness,verbal arousal=-0.67 val_pos=0.00 val_neg=0.67
6817.0	6942.0	char=FORREST tags=la,neg,other,sadness,verbal arousal=-1.00 val_pos=0.00 val_neg=1.00
6942.0	6944.0	char=FORREST tags=la,neg,sadness,verbal arousal=-0.67 val_pos=0.00 val_neg=0.67
6952.0	6953.0	char=FORREST tags=pos,happiness,verbal arousal=0.00 val_pos=0.67 val_neg=0.00
6953.0	6984.0	char=FORREST tags=pos,self,happiness,verbal arousal=-0.33 val_pos=1.00 val_neg=0.00
6984.0	6991.0	char=FORREST tags=la,pos,other,love,verbal arousal=-1.00 val_pos=1.00 val_neg=0.00
6991.0	7026.0	char=FORREST tags=la,pos,love,verbal arousal=-0.67 val_pos=0.67 val_neg=0.00
7004.0	7011.0	char=WOMAN tags=pos,happiness,narrator arousal=0.00 val_pos=0.67 val_neg=0.00
